risk_rank,STATE_ABBR,STRUCTURE_NUMBER_008,FACILITY_CARRIED_007,FEATURES_DESC_006A,YEAR_BUILT_027,STRUCTURE_KIND_043A,STRUCTURE_TYPE_043B,LATDD,LONGDD,ADT_029,BRIDGE_CONDITION,current_condition,material_deterioration,structural_criticality,traffic_demand,age_repair_history,environmental_exposure,seismic_hazard,consequence_of_failure,repair_accessibility,composite_risk_score,ml_anomaly_score
1,TN,150A9090001,NFA A909,NOLICHUKY RIVER,1924,1,11,36.1222,-83.125283,112,P,1.0,0.72,0.56,0.0171114808341701,0.4513274336283185,0.4991110150072578,1.0,0.0633165829145728,1.0,0.6419208220927033,0.8830198728925832
2,TN,300A8940001,NFA A894,NOLICHUCKY RIVER,1986,6,6,36.082,-82.993714,190,P,1.0,0.72,0.62,0.0096921856503192,0.1769911504424778,0.4983210322876382,1.0,0.0331658291457286,1.0,0.62115872829533,0.7965774686258917
3,TN,90025690003,NFA 2569 (SA 9004),NOLICHUCKY RIVER,1958,1,4,36.192833,-82.632783,776,P,1.0,0.72,0.52,0.0187024173524787,0.3008849557522124,0.4961538861287785,1.0,0.057286432160804,1.0,0.6204384475313872,0.7966823087761823
4,TN,90SR0810003,FAP 81,NOLICHUCKY RIVER,1959,1,4,36.206317,-82.472983,4903,P,1.0,0.72,0.4600000000000001,0.0658244464703886,0.2964601769911504,0.495194395377954,1.0,0.1537688442211055,1.0,0.6204363440950047,0.8019881781119493
5,TN,860A0680001,NFA A068,NOLICHUCKY RIVER,1991,6,6,36.1055,-82.448197,510,P,1.0,0.72,0.6000000000000001,0.012406084714759,0.1548672566371681,0.4950455722380921,0.1111111111111111,0.6,1.0,0.5997874469145575,0.8398712094104184
6,IA,000000000080270,FM,E.FK WAPSIPINICON RIVER,1955,5,2,42.906922,-92.256061,59,P,1.0,0.8599999999999999,0.3399999999999999,0.000500375140006,0.2787610619469026,0.5539351516707799,0.6,0.0241206030150753,1.0,0.5945256890265228,0.6890906162324092
7,TN,86I00260034,I26 LT LN,NOLICHUCKY RIVER,1977,5,2,36.127103,-82.443344,12654,P,0.8333333333333334,0.8599999999999999,0.4,0.1315601703718676,0.2168141592920354,0.4950164332605342,1.0,0.1393634840871021,1.0,0.5886405838301323,0.8061329939094135
8,PR,006791,PR 404,CULEBRINAS RIVER,1953,2,4,18.359858,-67.092058,600,P,1.0,0.7899999999999999,0.4000000000000001,0.0212501769074408,0.3230088495575221,0.4028423598546523,0.6666666666666667,0.0331658291457286,1.0,0.5882017634225813,0.7995693333985029
9,OK,016300000000000,N3140,CHIKASKIA RIVER,1925,1,11,36.962061,-97.408644,50,P,1.0,0.72,0.54,0.0610301073348793,0.4469026548672566,0.5848729222049162,0.5555555555555556,0.0180904522613065,0.2,0.5869628688315484,0.6030143902545231
10,PR,005051,PR 603,GRANDE DE ARECIBO RIVER,1947,1,1,18.2599,-66.722256,100,P,1.0,0.72,0.36,0.0170097096192536,0.3495575221238938,0.4006219493500443,1.0,0.6,0.2,0.5787189181093192,0.7990288383203483
11,TN,10S25200003,NFA 1429 (SA 1004),ELK RIVER,1957,1,4,36.2495,-81.977386,276,P,1.0,0.72,0.4800000000000001,0.0144619500642914,0.3053097345132743,0.4922186711123951,1.0,0.0964824120603015,0.2,0.5760231561720113,0.6069465836569534
12,CO,CHA191-01.57,COUNTY ROAD 191,ARKANSAS RIVER,1908,2,4,38.612669,-106.061797,0,P,0.6944444444444444,0.7899999999999999,0.3600000000000001,0.0,0.5221238938053098,0.6368292442885727,0.7777777777777778,0.4793969849246231,1.0,0.5748651630556194,0.962099643270208
13,TN,10S25200001,NFA 1429 (SA 1004),ELK RIVER,1957,1,4,36.2584,-81.983581,276,P,1.0,0.72,0.4600000000000001,0.0144619500642914,0.3053097345132743,0.4922558678908768,1.0,0.0964824120603015,0.2,0.5730268758498595,0.5954389799851656
14,HI,007000560400572,KUHIO HWY,WAILUA RIVER,1945,2,4,22.045567,-159.336506,31600,P,0.5555555555555556,0.7899999999999999,0.4800000000000001,0.2801187447346476,0.3407079646017699,0.956707783327126,0.6666666666666667,0.0150753768844221,1.0,0.5712294403327977,0.9255097457157596
15,PR,026811,PR 555,COAMO RIVER,1951,2,1,18.141992,-66.363472,600,P,1.0,0.7899999999999999,0.36,0.0212501769074408,0.331858407079646,0.3984676944717979,0.6666666666666667,0.6,0.2,0.5709909611792219,0.7732710801246512
16,TN,100A2990001,NFA A299,DOE RIVER,1980,6,2,36.30675,-82.196197,980,P,1.0,0.93,0.3,0.0163921239656551,0.2035398230088495,0.493532482943926,1.0,0.0150753768844221,0.2,0.5666002118360641,0.5904358809580142
17,TN,230A2450001,NFA 2722,BRANCH,1983,5,5,36.130242,-89.420433,164,P,1.0,0.8599999999999999,0.3400000000000001,0.0135120853917375,0.1902654867256637,0.5369091263968208,1.0,0.0391959798994974,0.2,0.5660284688463971,0.5030781796062107
18,OR,09555 064 02632,Hwy 064,Columbia River,1982,6,5,45.584889,-122.543958,148936,F,0.3888888888888889,0.93,0.52,0.6242424242424243,0.1946902654867256,0.73579345601009,0.6666666666666667,0.202680067001675,1.0,0.5636621734795634,0.964779178511546
19,LA,023604509019121,UNNAMED RD,I-10,1969,5,2,30.092022,-89.908789,28550,P,1.0,0.8599999999999999,0.44,0.2663731063979174,0.252212389380531,0.5398413733624629,0.05,0.0,0.2,0.5633426869140911,0.4897633779218578
20,LA,023604509020561,UNNAMED RD,I-10,1969,5,2,30.108547,-89.894053,28550,P,1.0,0.8599999999999999,0.44,0.2663731063979174,0.252212389380531,0.5397528936646897,0.05,0.0,0.2,0.5633338389443138,0.4897633779218578
21,PR,013551,OFF PR 123 AT 46.2,GRANDE DE ARECIBO RIVER,1967,2,1,18.2087,-66.718992,250,P,1.0,0.7899999999999999,0.36,0.0102010417249017,0.2610619469026549,0.4006023512410913,0.6666666666666667,0.6,0.2,0.5630198673201982,0.7594782373888997
22,PR,014991,RURAL LOCAL ROAD,GRANDE DE ARECIBO RIVER,1973,5,2,18.306044,-66.696353,250,P,1.0,0.8599999999999999,0.3,0.0182818498057098,0.2345132743362832,0.4004664193818428,0.6666666666666667,0.6,0.2,0.5626594876857169,0.7573500414180683
23,PA,000000000004944,1003/06216/T-960,LAKE ONTELAUNEE,1927,1,11,40.471258,-75.920628,399,P,0.8055555555555556,0.72,0.54,0.0155051050171855,0.4380530973451327,0.4558519421951134,0.5555555555555556,0.0331658291457286,1.0,0.5607659725796964,0.8272337888543957
24,PA,000000000019854,T-396 SELDOM SEEN,CODER RUN,1914,1,11,41.153347,-79.128819,50,P,1.0,0.6,0.5,0.0246664709712429,0.495575221238938,0.4751149559083677,0.6666666666666667,0.0241206030150753,0.2,0.559075028295942,0.7376900282325556
25,WA,083461000000000,FOX ISLND BR RD NW,HALE PASSAGE,1954,2,4,47.275356,-122.650108,5525,P,0.5833333333333334,0.7899999999999999,0.52,0.0670591837364895,0.3185840707964602,0.7364308148536445,0.6,0.4793969849246231,1.0,0.558510589518224,0.8998166540212413
26,FL,900101,US 1 (SR 5),MOSER CHANNEL,1982,6,21,24.704203,-81.156289,11300,F,0.4166666666666667,0.93,0.76,0.164521429399901,0.1946902654867256,0.4872885398418717,0.4444444444444444,0.8666666666666667,1.0,0.5578722456950721,0.8841584893223574
27,HI,00300C291100137,Kamehameha Hwy,ANAHULU STRM,1921,2,12,21.593136,-158.102889,12850,P,0.5,0.7899999999999999,0.52,0.1089800093064128,0.4646017699115044,0.949300748899343,0.6666666666666667,0.0,1.0,0.5571215861450595,0.9487966516384978
28,IA,000000000080030,195TH ST,CREEK,1915,1,4,42.766539,-92.482147,39,P,1.0,0.72,0.3600000000000001,0.0003307564484786,0.4911504424778761,0.555292644949196,0.6,0.0060301507537688,0.2,0.5569788919252435,0.5916016818864878
29,IN,2400030,SILVER CREEK ROD,PIPE CREEK,1965,5,5,39.431494,-85.110642,0,P,0.9166666666666666,0.8599999999999999,0.4000000000000001,0.0,0.2699115044247787,0.511031750911926,1.0,0.0120603015075376,0.2,0.556864007275714,0.567538215891744
30,PR,025071,OFF PR 636 0.7 KM,TANAMA RIVER,1997,1,4,18.4144,-66.711983,500,P,1.0,0.72,0.3600000000000001,0.0082808713285913,0.1283185840707964,0.4005602669440167,1.0,0.6,0.2,0.5557159722343404,0.7679526388089176
31,PR,011301,PR 145 KM 1.0,GRANDE DE MANATI RIVER,1955,2,4,18.358494,-66.425919,9000,P,1.0,0.7899999999999999,0.4000000000000001,0.092490027348987,0.3141592920353982,0.3988426464049439,0.6666666666666667,0.0271356783919597,0.2,0.5537393138318643,0.60750487312636
32,CA,04 0134,STATE ROUTE 211,EEL RIVER,1911,2,11,40.614519,-124.20275,5300,F,0.4444444444444444,0.7899999999999999,0.6799999999999999,0.1136358219416537,0.4778761061946902,0.7457533782975836,0.6666666666666667,0.0964824120603015,1.0,0.5534950956908523,0.9195106667435348
33,NC,000000000190024,NC211(CLOSED),DUTCHMANS CREEK,1922,1,4,33.949769,-78.038406,27500,P,1.0,0.72,0.3400000000000001,0.2574681250927241,0.3274336283185841,0.4685677644936076,0.4444444444444444,0.1206030150753768,0.2,0.5525993247664827,0.5449654197700275
34,PA,000000000022129,T-503 HOLLINGER RD,MILL CREEK,1917,1,4,40.002642,-76.294236,150,P,0.8611111111111112,0.72,0.38,0.0012721401864561,0.4823008849557522,0.4580952051515214,0.5555555555555556,0.0030150753768844,1.0,0.5523731323537727,0.7856132366606848
35,WA,0008610B0000000,I-90,MERCER SLOUGH,1940,2,5,47.579283,-122.1878,74410,P,0.4444444444444444,0.7899999999999999,0.52,0.6121212121212121,0.247787610619469,0.7336549684829804,0.5555555555555556,0.1393634840871021,1.0,0.5517134422156103,0.8920960579715969
36,LA,581103450301101,LA0506,BANISTER CREEK,1971,1,1,31.986261,-92.248344,306,P,1.0,0.72,0.3,0.047039610424815,0.243362831858407,0.5538888163133073,0.6,0.4793969849246231,0.2,0.5513989751058841,0.5951652480435088
37,SC,000000000007522,S-46-59,LITTLE TURKEY CREEK,1981,5,2,34.883911,-81.315106,375,P,1.0,0.8599999999999999,0.38,0.0233823706681606,0.1991150442477876,0.4882421283435843,0.6666666666666667,0.0150753768844221,0.2,0.5511610565035077,0.5254618271365589
38,LA,046000850507171,LA0160,DORCHEAT BAYOU,1966,1,1,32.843797,-93.353669,421,P,1.0,0.72,0.36,0.1045805744667547,0.2654867256637168,0.5605255441866175,0.6666666666666667,0.0542713567839195,0.2,0.5511061856042382,0.4920309114617147
39,LA,040800820100551,LA0157,FLAT RIVER,1964,1,1,32.329275,-93.523033,2626,P,1.0,0.72,0.36,0.0990386109652363,0.2743362831858407,0.5615424602787491,0.6666666666666667,0.0301507537688442,0.2,0.5503326064647582,0.4715361577611305
40,WA,0010833A0000000,I-205,SR 14  BNRR,1982,6,5,45.603847,-122.551706,160000,F,0.3333333333333333,0.93,0.52,0.6202020202020202,0.1946902654867256,0.7358399775015629,0.6666666666666667,0.202680067001675,1.0,0.5493738963357813,0.9496946945919202
41,MO,16930,GARLAND AVE,DRY FK FISHING RVR,1917,1,11,39.337611,-94.225006,450,P,0.6944444444444444,0.72,0.5,0.0442204609634089,0.4823008849557522,0.5657573326243589,0.6666666666666667,0.0030150753768844,1.0,0.5493230660676407,0.8355081809490201
42,FL,900098,US 1 (SR 5),CHANNEL #5,1982,6,21,24.839461,-80.779961,11500,F,0.3888888888888889,0.93,0.76,0.1460155961131557,0.1946902654867256,0.4850289451280028,0.4444444444444444,0.8666666666666667,1.0,0.5488512584505661,0.8718675676990667
43,LA,581103450300761,LA0506,CASTOR CREEK RELF,1971,1,1,31.989886,-92.252117,306,P,1.0,0.72,0.28,0.047039610424815,0.243362831858407,0.5539114706224616,0.6,0.4793969849246231,0.2,0.5484012405367995,0.5991659767318187
44,PR,004941,PR 524 4.0 KM,PELLEJAS RIVER,1937,2,1,18.204033,-66.703203,600,P,1.0,0.7899999999999999,0.26,0.0091289647862287,0.3938053097345133,0.4005075489916247,1.0,0.0,0.2,0.5478441823512367,0.663793700335973
45,WI,P16000600000000,LRD OLD HWY 2 RD (,BOIS BRULE RIVER,1929,1,2,46.550333,-91.587722,1,P,0.9166666666666666,0.72,0.26,8.480934576374541e-06,0.4292035398230088,0.5499222287113604,0.6666666666666667,0.6,0.2,0.5474134249468946,0.7640735957317969
46,CA,39C0347,WASHINGTON ROAD,EASTSIDE BYPASS,1968,2,1,37.113294,-120.562017,120,P,0.8333333333333334,0.7899999999999999,0.36,0.0414217525532053,0.2566371681415929,0.7238932428800546,1.0,0.057286432160804,0.2,0.5458928712988588,0.5716226509437936
47,AL,012835,SR 193,MISS. SOUND * D.I. BAY,1982,6,21,30.265444,-88.115906,5641,P,0.4722222222222222,0.93,0.76,0.0559217600261368,0.1946902654867256,0.5290763254537626,0.4444444444444444,0.4763819095477387,1.0,0.5455657083518272,0.8349063326399009
48,PR,008781,PR 111,VIVI RIVER,1965,2,4,18.2591,-66.685242,9000,P,1.0,0.7899999999999999,0.38,0.092490027348987,0.2699115044247787,0.4003997053534798,0.6666666666666667,0.0060301507537688,0.2,0.5454149645837463,0.5824627069719851
49,IN,6700219,CR 600W,CONRAIL RR,1909,2,2,39.618847,-86.959064,0,P,1.0,0.7899999999999999,0.4,0.0,0.5176991150442478,0.5221302728932796,0.05,0.0030150753768844,0.2,0.5451336925625969,0.5651996856874533
50,HI,003411001100001,KAWAILOA RD,KAELEPULU STREAM,1925,1,5,21.396533,-157.727006,12657,F,0.4444444444444444,0.72,0.52,0.1073431889331725,0.2920353982300885,0.9470438261090292,0.6666666666666667,0.6,1.0,0.5450866857716735,0.9764315719185436
51,MI,000000000006202,SOUTH RIVER RD,CHANNEL BETW LAKE & RIVR,1974,5,5,42.593139,-82.785481,6400,P,0.6666666666666667,0.8599999999999999,0.3400000000000001,0.0623587893696051,0.2300884955752212,0.4970707341805268,0.7777777777777778,0.6,1.0,0.544507357468091,0.8727849568883075
52,OR,01172 009 32764,US101(HWY009),ROGUE RIVER (WEDDERBURN),1930,2,11,42.424464,-124.413261,7286,F,0.3888888888888889,0.58,0.6799999999999999,0.1426001701315457,0.4247787610619469,0.7470173542515687,0.6666666666666667,0.8666666666666667,1.0,0.544328517433395,1.0
53,PR,019171,PR 627,GRANDE DE ARECIBO RIVER,1988,2,1,18.392111,-66.680556,600,P,1.0,0.7899999999999999,0.32,0.0131693688266328,0.1238938053097345,0.4003715690977954,0.6666666666666667,0.6,0.2,0.5435768076567496,0.75267636252356
54,WA,085408000000000,W GARFIELD ST,MARINA PL  RR  RAVINE,1929,2,9,47.633472,-122.378511,18000,P,0.5,0.7899999999999999,0.72,0.1930608627787821,0.4292035398230088,0.7348000588495666,0.1111111111111111,0.0150753768844221,1.0,0.5435157705449124,0.8035259570902604
55,WA,0008610A0000000,I-90,MERCER SL,1970,2,5,47.579103,-122.187914,74410,P,0.4722222222222222,0.7899999999999999,0.52,0.6121212121212121,0.1460176991150442,0.7336556529757564,0.4444444444444444,0.1393634840871021,1.0,0.5429254084033341,0.8683811494709979
56,MS,SA1400000000107,MOON LAKE ROAD,YAZOO PASS,1974,1,22,34.438714,-90.496483,0,P,1.0,0.72,0.44,0.0,0.2300884955752212,0.5433700777261361,0.6,0.0241206030150753,0.2,0.5425518874808896,0.4505813523935827
57,MS,SA6800000000035,FLAUTT ROAD,CASSIDY BAYOU,1968,1,22,33.943947,-90.266994,50,P,1.0,0.72,0.44,0.0246664709712429,0.2566371681415929,0.5419921517379261,0.4444444444444444,0.0783919597989949,0.2,0.5424713992972482,0.3646207790605715
58,AK,1946,IRR:MARINE HWY RTE,AKUTAN CITY DOCK,1992,1,3,54.133139,-165.777239,10,F,0.4722222222222222,0.72,0.6599999999999999,0.0041252133861677,0.1504424778761062,0.9953800220131676,0.4444444444444444,0.6,1.0,0.542272549105322,0.9406197802347138
59,MS,SA3800000000186,52ND ST,GALLAGHER CREEK,1975,1,22,32.413714,-88.714311,700,P,1.0,0.72,0.44,0.0099770582438662,0.2256637168141592,0.5326693421167605,0.6,0.0060301507537688,0.2,0.541132519255167,0.4428323274694211
60,MS,SA7600000000019,MCCULLUM ROAD,DITCH NO 6,1985,1,22,33.176569,-90.736364,30,P,1.0,0.72,0.44,0.0325776603605235,0.1814159292035398,0.5448104006347625,0.6,0.0241206030150753,0.2,0.5410864291706364,0.4361110102574009
61,IA,000000000234850,LOCAL RD,DRAINAGE,1956,1,4,41.427025,-93.986067,11,P,1.0,0.72,0.3400000000000001,9.329028034011996e-05,0.3097345132743362,0.5643226657876178,0.6666666666666667,0.0241206030150753,0.2,0.5409544104183166,0.4707311590176261
62,IL,058320800000000,TR 1A(LAKE FORK RD,FRIENDS CREEK,1978,5,5,40.055347,-88.798231,25,P,1.0,0.8599999999999999,0.3400000000000001,0.0325352556876416,0.2123893805309734,0.5331732248690083,0.4444444444444444,0.0150753768844221,0.2,0.5407857771752057,0.3441583728958979
63,NY,000000005500699,RTE 987D,SAW MILL RIVER,1927,1,11,41.005764,-73.854342,43153,P,0.6666666666666667,0.6,0.5,0.3700181738146946,0.4380530973451327,0.4434452944757271,0.6666666666666667,0.0030150753768844,1.0,0.5403024103323998,0.954683177749714
64,OR,00839 234 01221,OR 99 (HWY 234),NORTH UMPQUA RIVER,1923,2,11,43.283181,-123.355381,7974,F,0.4444444444444444,0.7899999999999999,0.6799999999999999,0.0918693965544348,0.4557522123893805,0.7406655014638207,0.5555555555555556,0.0391959798994974,1.0,0.5401773989246273,0.8516192012790695
65,CA,28 0153R,INTERSTATE 680 NB,UP BNSF AMTRAK SUISUN BA,2007,6,21,38.031817,-122.116639,105000,G,0.2222222222222223,0.93,0.76,0.6323232323232323,0.0840707964601769,0.7332276948827338,0.4444444444444444,0.2750418760469011,1.0,0.5399920439467372,0.9241299221716386
66,MS,SA6700000000084,MADDEN ROAD,NATURAL SLOUGH,1966,1,22,33.601939,-90.601961,0,P,1.0,0.72,0.38,0.0323232323232323,0.2654867256637168,0.5440034016649061,0.6,0.0150753768844221,0.2,0.5399351048094067,0.4089980712701648
67,CA,12C0384,AFTON ROAD,BUTTE CREEK,1914,2,4,39.419872,-121.881269,122,P,0.5277777777777778,0.7899999999999999,0.44,0.0818427548263985,0.495575221238938,0.7318144574733374,0.7777777777777778,0.0723618090452261,1.0,0.539874667139462,0.8955004696903737
68,NC,000000000210049,NC9 (CLOSED),BROAD RIVER,1952,1,4,35.512628,-82.2687,850,P,0.9166666666666666,0.72,0.38,0.0354916226727466,0.3274336283185841,0.4939678143450963,0.1111111111111111,0.0663316582914572,1.0,0.5387281116704378,0.6263424110433322
69,MS,21000780170095A,US 78,COLDWATER RIVER,1966,2,6,34.906528,-89.754417,14500,P,0.5277777777777778,0.7899999999999999,0.68,0.1997412281251076,0.2654867256637168,0.538914474074689,0.4444444444444444,0.2726968174204355,1.0,0.5387157503240398,0.7872850046859824
70,IN,6800226,CR 800N,BRANCH OF MISSISSINEWA,1930,1,1,40.280528,-84.945056,0,P,1.0,0.72,0.18,0.0,0.4247787610619469,0.5100375191505617,1.0,0.0030150753768844,0.2,0.5386323817900951,0.6089069083872058
71,HI,003000830303459,KAM HWY,WAIAHOLE STRM(COUNTY),1922,2,4,21.481253,-157.844761,16500,P,0.5,0.7899999999999999,0.3600000000000001,0.1601374407122001,0.4601769911504424,0.9477508651163092,0.1111111111111111,0.5711892797319933,1.0,0.5384215492400504,0.9189466771864374
72,HI,003000920400617,NIMITZ HWY,SLIP COVER #4 HON HBR,1952,2,1,21.309083,-157.8643,57600,P,0.6111111111111112,0.7899999999999999,0.22,0.5087038518011938,0.3274336283185841,0.9478681835755104,0.1111111111111111,0.0,1.0,0.5382338997028622,0.8290734658023375
73,WA,0008400A0000000,I-5,SR529 RR EBEY SL 60TH PL,1969,6,2,48.043756,-122.181136,64989,F,0.3888888888888889,0.93,0.44,0.5754098814264293,0.252212389380531,0.7336149556772013,0.4444444444444444,0.1393634840871021,1.0,0.5380363412972158,0.8541508746359071
74,CA,21 0049,STATE ROUTE 29,NVRR  NAPA RIVER  STANLY,1977,6,5,38.243672,-122.2833,48000,P,0.3888888888888889,0.93,0.52,0.4434484960296144,0.2168141592920354,0.7342283812908885,0.6666666666666667,0.0,1.0,0.5375046592168093,0.8928021057604694
75,ID,000000000017780,SH 75,YANKEE FK OF SALMON RIVR,1934,2,4,44.269944,-114.733658,680,P,0.5277777777777778,0.7899999999999999,0.42,0.0663730961179953,0.4070796460176991,0.6888978952393533,0.6666666666666667,0.4793969849246231,1.0,0.5369826907615136,0.8803199862065727
76,IN,7400008,CR 450W,GARRETT CREEK,1915,1,11,37.823103,-87.146303,60,P,0.7777777777777778,0.72,0.5,0.0207108762766026,0.4911504424778761,0.5232545162518129,0.8888888888888888,0.0271356783919597,0.2,0.5367572563091161,0.6733933087508691
77,AR,000000000020952,Cincinnati Cr. Rd.,Cincinnati Creek-Wash,1991,1,22,36.077778,-94.505281,185,P,1.0,0.72,0.3,0.0056093769370333,0.1548672566371681,0.567440194139924,1.0,0.0090452261306532,0.2,0.5362439440779453,0.4517072137390471
78,OR,01823A009 23368,US101(HWY009),COOS BAY (MCCULLOUGH BR),1936,2,11,43.4315,-124.2212,17390,F,0.4166666666666667,0.7899999999999999,0.6799999999999999,0.2121299169296179,0.2610619469026549,0.7458641580494779,0.4444444444444444,0.3450586264656616,1.0,0.5360474224003471,0.808993302071466
79,HI,003000920400588,NIMITZ HWY,NUUANU STRM (W.B.),1932,2,4,21.313378,-157.865075,57600,P,0.4444444444444444,0.7899999999999999,0.42,0.5087038518011938,0.415929203539823,0.9478728369255224,0.1111111111111111,0.0060301507537688,1.0,0.535718763431009,0.8285616549966389
80,OK,143570000000000,NE GRAND BLVD.,DEEP FORK CREEK,1911,2,11,35.532447,-97.483439,1400,P,0.5555555555555556,0.7899999999999999,0.54,0.0320753286089445,0.5088495575221239,0.5853220155134763,0.6666666666666667,0.0150753768844221,1.0,0.5351006812308979,0.8701466378961741
81,PA,000000000020888,ELM STREET,LACKAWANNA RIVER,1958,5,5,41.399242,-75.676483,11900,P,0.7222222222222222,0.8599999999999999,0.3600000000000001,0.1211251416608772,0.3008849557522124,0.454386016854938,0.6666666666666667,0.0060301507537688,1.0,0.5348300078533801,0.7737733207496333
82,MS,SA6700000000105,CEMETERY ROAD,DOUGHERTY BAYOU,1977,1,22,33.723953,-90.579883,40,P,1.0,0.72,0.38,0.0326624697062873,0.2168141592920354,0.5438708382306339,0.6,0.0090452261306532,0.2,0.5347870080294282,0.4073415021614152
83,HI,003000830302412,KAM HWY,N PUNALUU STRM,1926,2,1,21.578844,-157.884497,11100,P,0.5555555555555556,0.7899999999999999,0.2,0.1143403939997776,0.4424778761061947,0.9479894528789798,0.6666666666666667,0.2666666666666666,1.0,0.5345363278540508,0.9238980269579958
84,FL,900094,US 1 (SR 5),LONG KEY CHANNEL,1981,6,21,24.791178,-80.884192,13200,F,0.4444444444444444,0.72,0.76,0.1725543970142045,0.1991150442477876,0.4856547816764958,0.4444444444444444,0.8666666666666667,1.0,0.5343990889605154,0.840483753717066
85,OR,07C11 000 00000,W BROADWAY,NECANICUM RV,1924,2,11,45.99315,-123.924239,7315,P,0.5,0.7899999999999999,0.54,0.1024420768302201,0.4513274336283185,0.7440811084070778,0.6,0.0,1.0,0.5342850618865618,0.8864112502997673
86,CA,57 0713R,INTERSTATE 5 NB,SAN LUIS REY RIVER,1970,2,5,33.206583,-117.384589,78500,P,0.4444444444444444,0.7899999999999999,0.44,0.6242424242424243,0.247787610619469,0.704814940142818,0.4444444444444444,0.166499162479062,1.0,0.5338427889577576,0.8461971425152564
87,OR,01823B009 23433,US101(HWY009),COOS BAY (MCCULLOUGH BR),1936,2,11,43.4218,-124.2232,19023,F,0.4166666666666667,0.7899999999999999,0.6799999999999999,0.1896156467292012,0.2610619469026549,0.7458761666946698,0.4444444444444444,0.3450586264656616,1.0,0.5337971962448246,0.805948675714244
88,NY,000000005522010,GOAT IS-GREEN IS,NIAGARA RIVER,1901,1,11,43.082586,-79.066597,50,P,0.5925925925925926,0.6,0.54,0.0408280871328591,0.5530973451327433,0.4747413549478058,0.5555555555555556,0.6,1.0,0.5337926046472667,0.9763372620691791
89,HI,003062071400019,KAM HWY,KALIHI STRM,1926,1,4,21.332897,-157.888469,61788,F,0.4722222222222222,0.72,0.44,0.5240199856050302,0.3893805309734513,0.9480133020483308,0.1111111111111111,0.0,1.0,0.5337524929737923,0.8553863874608327
90,CA,29 0174,INTERSTATE 5 NB,BROOKSIDE  CALAVERAS RIV,1968,2,4,37.978528,-121.340708,124000,P,0.4444444444444444,0.7899999999999999,0.52,0.692929292929293,0.0398230088495575,0.7285687548465766,0.4444444444444444,0.1514237855946398,1.0,0.533536628275608,0.9065285745642162
91,CA,29 0252L,INTERSTATE 5 SB,SAN JOAQUIN RIVER,1972,2,5,37.785625,-121.305483,80000,F,0.3611111111111111,0.7899999999999999,0.44,0.705050505050505,0.2389380530973451,0.728357252583136,0.4444444444444444,0.3842546063651591,1.0,0.5334473113913566,0.8850012208998359
92,PA,000000000002629,OLD WILLIAMPENN HW,THOMPSON RUN CREEK,1900,1,4,40.431089,-79.728281,300,P,0.8333333333333334,0.72,0.3400000000000001,0.0106250884537204,0.4424778761061947,0.4787143191403495,0.7777777777777778,0.4793969849246231,0.2,0.5333737998384799,0.7749455208949911
93,WY,WYA-S-002,Hayden Arch Road,Shoshone River,1924,1,11,44.510283,-109.147144,100,P,0.5277777777777778,0.72,0.52,0.0250905177000617,0.4513274336283185,0.6553546629968566,0.4444444444444444,0.6,1.0,0.5333439280991904,0.8741066251560514
94,HI,003296001900001,Ala Wai GC Culvert,Ala Wai GC Drain,1975,1,19,21.276111,-157.818333,1000,P,0.6666666666666667,0.72,0.18,0.0327233588187987,0.2256637168141592,0.9475921828787448,0.6,0.6,1.0,0.5322645925178371,0.9320718161998576
95,CA,34 0123R,RTE 280 NB OFFRAMP,CHINA BASIN  BERRY  6 ST,1998,6,6,37.770228,-122.397653,24500,F,0.3888888888888889,0.93,0.72,0.2239445132827924,0.1238938053097345,0.7349149935926973,0.4444444444444444,0.1363484087102177,1.0,0.5320371960984778,0.8201284683277141
96,HI,003062071400018,KAM HWY/KEEHI IC,KALIHI STRM /OB,1943,1,4,21.332964,-157.888267,70510,P,0.4444444444444444,0.72,0.44,0.5979906969801689,0.3672566371681416,0.9480120891751664,0.1111111111111111,0.0,1.0,0.5319926089990143,0.8731675723601123
97,OR,02063A002C04157,002CS,EAGLE CREEK,1914,1,11,45.639714,-121.931011,85,F,0.5277777777777778,0.72,0.54,0.0815289602470726,0.495575221238938,0.7321131244879026,0.6,0.0,1.0,0.5318661750418359,0.8687681405390093
98,NY,000000005522000,MAINLAND TO GREEN,NIAGARA RIVER,1901,1,11,43.08455,-79.0655,50,P,0.7037037037037037,0.6,0.54,0.0408280871328591,0.5530973451327433,0.4747347682059181,0.5555555555555556,0.0030150753768844,1.0,0.5317204775197,0.9059065435963582
99,AR,000000000013139,Cr74/Fulton Co.,SPRING RIVER,1916,1,11,36.477292,-91.524856,779,P,0.6388888888888888,0.72,0.58,0.0106470520753998,0.4867256637168141,0.5495447609670467,0.4444444444444444,0.0,1.0,0.5316361921203705,0.810555586289762
100,OR,08966 227 00081,1-105 (HWY 227),WILLAMETTE RIVER,1967,2,5,44.063544,-123.101161,55375,F,0.3888888888888889,0.7899999999999999,0.5000000000000001,0.4857933683283564,0.2610619469026549,0.7391390825734918,0.6666666666666667,0.1785594639865996,1.0,0.5315829685353358,0.8773298843508515
101,OR,39C183110500130,BLUE RIVER DRIVE,BLUE RIVER,1928,2,3,44.1552,-122.340139,1427,F,0.4444444444444444,0.7899999999999999,0.6599999999999999,0.0525063340445268,0.4336283185840708,0.7345696609829168,0.6,0.0150753768844221,1.0,0.5314353113164837,0.8309280855233154
102,IN,6900109,BROWNSTOWN ROAD,VERNON FK MUSCATATUCK R,1926,1,2,39.189775,-85.435617,0,P,1.0,0.72,0.3,0.0,0.4424778761061947,0.5129830056475276,0.4444444444444444,0.0090452261306532,0.2,0.5312205717041271,0.4746911107043051
103,MS,SA2600000000017,SPRINGHILL RD,TRIB TO CYPRESS CREEK,1974,1,22,32.977778,-90.038569,20,P,1.0,0.72,0.3399999999999999,0.0244120429339517,0.2300884955752212,0.5406206143489584,0.6,0.0482412060301507,0.2,0.5309241755873206,0.3948945052192131
104,MO,4755,MO 19 S,CURRENT RVR,1924,2,11,37.286231,-91.409394,597,F,0.5277777777777778,0.7899999999999999,0.58,0.0777903906693683,0.4513274336283185,0.5488514898714794,0.4444444444444444,0.2683417085427135,1.0,0.5308806835107189,0.8190017326677627
105,NE,S026 01367R,FAS 1037,NORTH PLATTE RIVER,1918,1,11,41.927236,-103.813803,745,F,0.4444444444444444,0.72,0.6799999999999999,0.006318296259399,0.4778761061946902,0.6233315631189311,0.5555555555555556,0.4221105527638191,1.0,0.5307470130843819,0.8750592470917025
106,WI,B06024800000000,LRD MUN154-OLD DUK,N CHANNEL MISSISSIPPI RI,1916,1,3,44.059675,-91.632511,40,F,0.5277777777777778,0.72,0.76,0.0003392373830549,0.4867256637168141,0.550191156316108,0.6666666666666667,0.5939698492462312,0.2,0.5307018759816872,0.8437133513642725
107,AK,E09211T0735-010,IRR BIA RTE 735,SUKKWAN STRAIT,1970,1,5,55.201719,-132.825606,5,P,0.5833333333333334,0.72,0.52,0.0242848289153061,0.1991150442477876,0.7975277874195522,0.3333333333333333,0.6,1.0,0.5305927660582648,0.882238587584124
108,IN,4000007,CR 900N,BEAR CREEK,1915,1,2,39.116144,-85.68165,0,P,1.0,0.72,0.26,0.0,0.4911504424778761,0.5144602671487641,0.4444444444444444,0.0120603015075376,0.2,0.5303863082602631,0.519472131859507
109,LA,023601480200001,LA0047,BAYOU BIENVENUE,1973,1,1,29.981636,-89.945422,23365,P,0.75,0.72,0.36,0.2385610767810315,0.2345132743362832,0.5400613297121183,0.1111111111111111,0.4793969849246231,1.0,0.53033897288473,0.7487879167529856
110,PA,000000000002459,TIMBERLAND AV,SAW MILL RUN CREEK,1909,1,0,40.410789,-80.005911,30,P,0.8611111111111112,0.72,0.42,0.0042948320776952,0.5176991150442478,0.4803812992226485,0.6666666666666667,0.0090452261306532,0.2,0.5303008970521029,0.6808950517827492
111,OR,00925A009 11927,US101 (HWY 9),Drift Creek,1945,2,4,44.912692,-124.00495,13759,F,0.3888888888888889,0.7899999999999999,0.42,0.1449720071191656,0.3584070796460177,0.7445657232881151,0.6666666666666667,0.8666666666666667,1.0,0.5301833698942188,0.8947791697717844
112,CA,08C0058,BELLE MILL RD,SAMSON SLOUGH,1915,2,3,40.186172,-122.219075,1837,P,0.5555555555555556,0.7899999999999999,0.72,0.019619880857204,0.4911504424778761,0.7338427536721671,0.6,0.0060301507537688,0.2,0.5301517041273021,0.7333918887822619
113,MS,SA7600000000027,FYRE ROAD,DITCH NO 1,1970,1,22,33.132611,-90.74525,50,P,1.0,0.72,0.32,0.032747279052051,0.247787610619469,0.5448637550453497,0.6,0.0301507537688442,0.2,0.5300474021601292,0.3834230879230958
114,TN,58I00240037,I24,SEQUATCHIE RIVER,1965,6,2,35.048372,-85.625975,52102,P,0.5,0.93,0.38,0.4701564815810947,0.1991150442477876,0.5141259764882374,0.6666666666666667,0.1363484087102177,1.0,0.5299905040005561,0.8678475636502716
115,TN,58I00240038,I24,SEQUATCHIE RIVER,1965,6,2,35.048625,-85.6259,52102,P,0.5,0.93,0.38,0.4701564815810947,0.1991150442477876,0.5141255261640428,0.6666666666666667,0.1363484087102177,1.0,0.5299904589681367,0.8678475636502716
116,MS,SA6700000000112,LINN DOCKERY ROAD,JONES BAYOU,1977,1,22,33.66995,-90.623633,30,P,1.0,0.72,0.3399999999999999,0.0325776603605235,0.2168141592920354,0.5441335273442044,0.6,0.0301507537688442,0.2,0.5298600723881186,0.3863016356191936
117,HI,009003600500624,HANA HWY,NAILIILIHAELE STRM,1930,2,4,20.886683,-156.210208,1800,P,0.5,0.7899999999999999,0.38,0.0193060862778782,0.4247787610619469,0.9379364816042176,0.2222222222222222,0.6,1.0,0.5298132440055154,0.9156710924368584
118,AK,0339,COPPER RIVER HWY,COPPER DELTA,1977,5,4,60.518378,-144.860744,65,P,0.4166666666666667,0.8599999999999999,0.42,0.0045916647878683,0.2168141592920354,0.8697906384576947,0.8888888888888888,0.6,1.0,0.5297307573648711,0.9209993102713594
119,MS,SA6700000000110,GIVENS ROAD,JONES BAYOU,1977,1,22,33.682386,-90.653997,30,P,1.0,0.72,0.3399999999999999,0.0325776603605235,0.2168141592920354,0.5443158425955062,0.6,0.0241206030150753,0.2,0.5295767963755603,0.3855795046515243
120,CA,38C0023,SEVENTH STREET,TUOLUMNE RIVER,1916,2,11,37.626611,-120.993575,16815,F,0.5,0.7899999999999999,0.6799999999999999,0.1910917633865864,0.4867256637168141,0.726484456330895,0.6666666666666667,0.0060301507537688,0.2,0.5295650292144514,0.7925160173018784
121,OR,04192 039 00623,OR 18 (Hwy 39),Salmon River,1930,1,11,45.019239,-123.867381,7215,P,0.4444444444444444,0.72,0.66,0.0773515591301584,0.4247787610619469,0.7437397146329201,0.6666666666666667,0.0663316582914572,1.0,0.5293480308415198,0.8529717359526683
122,MO,12833,GOOSE CREEK RD,INDIAN CR,1990,1,1,38.1226,-90.9663,40,P,1.0,0.72,0.22,0.0407432777870954,0.1592920353982301,0.5461910105551728,1.0,0.0723618090452261,0.2,0.5292407228263113,0.4536707631731104
123,OR,00949A009 22321,US101(HWY009),TENMILE CREEK CBRL,1954,5,2,43.575814,-124.192561,10303,F,0.3888888888888889,0.8599999999999999,0.4,0.1520255335868515,0.3185840707964602,0.7456922002546541,0.5555555555555556,0.8666666666666667,1.0,0.5289635137971299,0.857280293477898
124,ID,000000000023360,WESTON-FAIRVIEW RD,BEAR RIVER;E.WESTON BR.,1956,1,4,42.029536,-111.922275,1000,P,0.7222222222222222,0.72,0.42,0.0286829547783947,0.3097345132743362,0.6720174447667318,0.4444444444444444,0.0783919597989949,1.0,0.5287408670496738,0.699813869652257
125,HI,003083181400074,KALAKAUA AVE,ALA WAI CANAL,1929,1,11,21.288667,-157.83465,32516,F,0.4074074074074074,0.72,0.54,0.2757660686853946,0.4292035398230088,0.9476901554105422,0.4444444444444444,0.0,1.0,0.5283400504659687,0.8659088242038797
126,TN,79I02400077,I-240 EXIT RAMP,NONCONNAH CREEK,1958,2,6,35.073972,-89.986944,133838,F,0.3333333333333333,0.7899999999999999,0.66,0.6323232323232323,0.3008849557522124,0.5403106411949451,0.4444444444444444,0.1574539363484087,1.0,0.5282801353000149,0.8456021878811188
127,OK,085080000000000,E1732 (ASH AVE),CREEK,1940,1,1,34.504308,-97.9509,150,P,1.0,0.72,0.22,0.0214741603884763,0.3805309734513274,0.5881288021584771,0.5555555555555556,0.0090452261306532,0.2,0.5282434326841385,0.4366354647853167
128,FL,300043,CR 357,SHIRED CREEK,1960,1,1,29.401917,-83.201806,150,P,0.6666666666666667,0.72,0.36,0.0699590088733248,0.2920353982300885,0.4995704837852637,0.6666666666666667,0.6,1.0,0.5281564890888677,0.867331758040427
129,IA,000000000327030,FM,BR W PLATTE RIVER,1957,5,2,41.089417,-94.375919,788,P,1.0,0.8599999999999999,0.26,0.0632486330118397,0.3053097345132743,0.5666634629602735,0.1111111111111111,0.0180904522613065,0.2,0.5279822612171596,0.3341424382975628
130,NY,000000004435140,LOCUST STREET,CAYUGA & SENECA CANAL  P,1914,2,11,42.901708,-76.864103,503,P,0.6666666666666667,0.7899999999999999,0.6,0.0123467181727244,0.495575221238938,0.4615168704562776,0.1111111111111111,0.0030150753768844,1.0,0.5278168569778604,0.8129951573121834
131,CA,35 0252L,SR 92 WB & RAMPS,U.S. 101  MARINA LAGOON,1971,6,5,37.553303,-122.294397,55500,F,0.3611111111111111,0.93,0.52,0.4908938891908072,0.243362831858407,0.7342950112587353,0.4444444444444444,0.0180904522613065,1.0,0.5277596958438603,0.8094227942330693
132,HI,003000720401504,KAL HWY,WAILUPE STRM IB,1930,2,4,21.278453,-157.750831,58500,F,0.3888888888888889,0.7899999999999999,0.3600000000000001,0.5163366929199309,0.4247787610619469,0.9471868790948766,0.1111111111111111,0.2726968174204355,1.0,0.527742851956475,0.8612470411618189
133,PA,000000000017169,CAMP HOLLOW ROAD,CAMP RUN,1921,1,4,39.73395,-79.899814,100,P,0.8888888888888888,0.72,0.3400000000000001,0.0210501136596576,0.4646017699115044,0.4797442586081916,0.7777777777777778,0.0090452261306532,0.2,0.5271029866355791,0.6234380786241617
134,ID,000000000017885,US 93,SALMON RIVER;SALMON BR.,1926,1,11,45.177628,-113.898633,7300,P,0.4722222222222222,0.72,0.6,0.0780724385691503,0.2743362831858407,0.6838841357637142,0.6666666666666667,0.4793969849246231,1.0,0.5269880238869906,0.8820358505401908
135,MI,000000000012495,HORSE ISLAND DRIVE,HORSE ISL & ADAMS DR BYU,1925,1,11,42.086736,-83.186142,350,P,0.6296296296296297,0.72,0.5,0.0070087311421351,0.4469026548672566,0.4994764320761216,0.2222222222222222,0.6,1.0,0.5268573003270699,0.8955368966782146
136,MS,SA6800000000021,WALDRUP ROAD,TRIB TO QUIVER RIVER,1972,1,22,33.854864,-90.433506,50,P,1.0,0.72,0.3,0.0246664709712429,0.2389380530973451,0.5429919435020142,0.6,0.0633165829145728,0.2,0.5268254759027888,0.3971774017563926
137,IA,000000000003700,WALNUT ST,DES MOINES RIVER,1911,2,11,41.587239,-93.618278,3844,P,0.6388888888888888,0.7899999999999999,0.6,0.0326007125115837,0.2654867256637168,0.5621143419843954,0.4444444444444444,0.0060301507537688,1.0,0.5267661299981025,0.6992894989896782
138,CA,34 0123L,RTE 280 NB ON-RAMP,CHINA BASIN  BERRY  6 ST,1998,6,6,37.770219,-122.397783,18000,F,0.3888888888888889,0.93,0.72,0.1688184385363579,0.1238938053097345,0.7349157741546347,0.4444444444444444,0.1363484087102177,1.0,0.526524666680028,0.7993033691989291
139,HI,003083661400104,WAIPAHU ST,WAIKELE STRM,1905,1,11,21.387314,-158.012783,11182,P,0.5185185185185186,0.72,0.5,0.0948338104330201,0.5353982300884955,0.9487597234075172,0.1111111111111111,0.0060301507537688,1.0,0.5263858691157769,0.8599966596177158
140,TN,430A3410001,NFA A341,HURRICANE CREEK,1964,1,4,35.96415,-87.811133,100,P,0.6666666666666667,0.72,0.5000000000000001,0.0089289015384455,0.2743362831858407,0.5272463700432433,0.8888888888888888,0.0241206030150753,1.0,0.5263682967386178,0.7632844175048479
141,PR,006061,PR 962,CANOVANAS RIVER,1947,2,1,18.361117,-65.887028,4400,P,1.0,0.7899999999999999,0.22,0.0534777282976641,0.3495575221238938,0.3956069709969183,0.6666666666666667,0.0331658291457286,0.2,0.5263558469324674,0.603624980228453
142,MS,11000550542471B,I 55,TALLAHATCHIE RIVER,1960,6,6,34.363944,-89.912375,12500,F,0.4166666666666667,0.93,0.66,0.2110621872551868,0.2920353982300885,0.5398629048632917,0.4444444444444444,0.1393634840871021,1.0,0.5261531121281007,0.7702742022285354
143,MS,11000550542471A,I 55,TALLAHATCHIE RIVER,1960,6,6,34.363908,-89.912103,12500,F,0.4166666666666667,0.93,0.66,0.2110621872551868,0.2920353982300885,0.5398612716875456,0.4444444444444444,0.1393634840871021,1.0,0.526152948810526,0.7702742022285354
144,PA,000000000026631,T-420,KISH. CREEK,1909,1,11,40.648694,-77.579419,0,P,0.8518518518518519,0.6,0.54,0.0,0.5176991150442478,0.4658118584782845,0.6666666666666667,0.0090452261306532,0.2,0.5260996549550823,0.776098678831622
145,OR,43C09 000 00000,3RD AVE,CALAPOOIA RV,1960,2,4,44.635161,-123.1125,1236,P,0.5,0.7899999999999999,0.42,0.0306844553384191,0.2920353982300885,0.7392071655874066,0.6666666666666667,0.6,1.0,0.5260260352489248,0.903348509617345
146,MI,000000000002198,COUNTY HWY 581,E BR STURGEON RIVER,1927,1,3,46.027611,-87.834503,406,P,0.5,0.72,0.58,0.1812210372157858,0.4380530973451327,0.5273866910623094,0.6666666666666667,0.1597989949748743,1.0,0.5259893656443998,0.879685554636851
147,LA,022604501503821,I0010,VET MEM HWY,1967,5,2,30.005383,-90.208392,137542,P,0.4722222222222222,0.8599999999999999,0.44,0.701010101010101,0.2610619469026549,0.5416402864251615,0.1111111111111111,0.1393634840871021,1.0,0.5259505187492579,0.7977028695399697
148,IL,016054400000000,FAU-1292 (E Lake A,N Br Chicago River,1935,5,5,42.079803,-87.778069,22900,P,0.6944444444444444,0.8599999999999999,0.38,0.2103750179605931,0.1991150442477876,0.5270478431209326,0.4444444444444444,0.0090452261306532,1.0,0.5259393851727971,0.6617467707071921
149,WA,085555000000000,SR 397,COLUMBIA RIVER,1978,6,14,46.214903,-119.106567,9651,F,0.3611111111111111,0.93,0.72,0.1060919238390149,0.2123893805309734,0.715154251557856,0.6666666666666667,0.0180904522613065,1.0,0.5253791893169609,0.809354650035293
150,IL,058322900000000,TR 46 (Drummer Rd),LAKE FORK,1976,5,5,40.020453,-89.066767,25,P,1.0,0.8599999999999999,0.3400000000000001,0.0325352556876416,0.2212389380530973,0.5347856016416201,0.1111111111111111,0.0150753768844221,0.2,0.5251653039380125,0.2834686056566754
151,UT,043042F,COUNTY ROAD,WEBER-PROVO DIV. CANAL,1960,5,4,40.62525,-111.303197,233,P,0.6111111111111112,0.8599999999999999,0.38,0.0019760577562952,0.2920353982300885,0.6683003007427089,0.7777777777777778,0.0241206030150753,1.0,0.5251038724903297,0.7752667847211395
152,OR,01499 009 06423,US101 (Hwy 9),Wilson River,1931,1,12,45.477878,-123.844386,11881,F,0.3888888888888889,0.72,0.58,0.1169235998635221,0.4203539823008849,0.7436016452348275,0.5555555555555556,0.5380234505862647,1.0,0.5249890952692368,0.904678537667544
153,FL,865773,West Lake Drive,Stranahan River,1956,1,4,26.104342,-80.113339,2690,P,0.6388888888888888,0.72,0.4800000000000001,0.0349349261316596,0.3097345132743362,0.4810263315904806,0.4444444444444444,0.6,1.0,0.5245140215440921,0.8199746283514773
154,MS,11000550172893B,I 55,HORN LAKE CREEK,1958,2,6,34.953381,-89.997597,34500,F,0.4166666666666667,0.7899999999999999,0.64,0.3693599196525984,0.3008849557522124,0.5403746052435593,0.5555555555555556,0.1393634840871021,1.0,0.5244745667136366,0.7869475935182717
155,WA,081333000000000,68th Ave NE,SAMMAMISH RIVER,1970,6,6,47.754314,-122.249864,24000,F,0.3888888888888889,0.93,0.62,0.2237444500350092,0.247787610619469,0.7340276207605722,0.4444444444444444,0.0241206030150753,1.0,0.5237064427367033,0.780203372582604
156,FL,720518,I-295(9A) DAMES PT,ST.JOHNS RIV.& MILL COVE,1989,6,14,30.387639,-81.558219,84321,F,0.3055555555555556,0.72,0.76,0.6404040404040404,0.163716814159292,0.4897018572228406,0.6666666666666667,0.2509212730318257,1.0,0.5236505570524308,0.9178880477977518
157,MS,SA6800000000065,GOVERNMENT ROAD,TRIB OF LONG BAYOU,1972,1,22,34.040067,-90.259092,40,P,1.0,0.72,0.3,0.0245816616254792,0.2389380530973451,0.5419447055807735,0.6,0.0,0.2,0.5235464420303597,0.3865257626050546
158,MS,SA6700000000159,WARD RIDDICK ROAD,BEAR BAYOU,1961,1,22,33.941169,-90.485361,40,P,0.9722222222222222,0.72,0.3,0.0326624697062873,0.2876106194690265,0.5433032976502244,0.6,0.0180904522613065,0.2,0.5233177168511747,0.3766081334486456
159,MO,14670,GARRISON ST,MNA RR  S FK SPRING RVR,1928,1,11,37.182725,-94.313758,2500,P,0.6944444444444444,0.72,0.6799999999999999,0.0616063768449767,0.4336283185840708,0.56629022826339,0.4444444444444444,0.0180904522613065,0.2,0.5228903483156423,0.5618227350904302
160,OR,01582 164 00624,HWY 164,Santiam River,1933,2,12,44.714861,-123.01435,8644,F,0.4444444444444444,0.7899999999999999,0.62,0.1096728348418178,0.411504424778761,0.7386178413246193,0.4444444444444444,0.0391959798994974,1.0,0.522772642422828,0.7689106667207959
161,TX,180710F00001001,Old Alma Road,Draw,1930,2,1,32.279811,-96.533861,1084,P,0.9722222222222222,0.7899999999999999,0.22,0.00919333308079,0.4247787610619469,0.5796204428715094,0.3333333333333333,0.0,0.2,0.5225814759236469,0.491738472968051
162,OR,00332 301 00291,OR 206 (HWY 301),DESCHUTES RIVER,1955,2,3,45.634111,-120.913911,824,F,0.4166666666666667,0.7899999999999999,0.72,0.047392330494973,0.3141592920353982,0.7260061279756154,0.6,0.0603015075376884,1.0,0.5224375170941498,0.7723469062510189
163,CA,08C0057,BELLE MILL RD,PAYNES CREEK SLOUGH,1915,2,3,40.186153,-122.214261,1373,P,0.5,0.7899999999999999,0.76,0.0197251312541703,0.4911504424778761,0.7338138488631903,0.6,0.0060301507537688,0.2,0.5222704497972122,0.7168835579492207
164,MS,SA6700000000057,WATSON ROAD,DRAINAGE CANAL,1969,1,22,33.501036,-90.554853,30,P,1.0,0.72,0.26,0.0325776603605235,0.252212389380531,0.5437205500360586,0.6,0.0482412060301507,0.2,0.5222631202792188,0.3951188168272413
165,TN,10SR0670029,FAP 67,DOE RIVER,1929,2,11,36.342947,-82.207236,22653,P,0.5833333333333334,0.7899999999999999,0.58,0.2284822473222489,0.0929203539823008,0.4935987646610621,0.7777777777777778,0.0090452261306532,1.0,0.5221746201253161,0.8391357291146764
166,LA,054232246914381,MCLEMORE RD,BEE BAYOU,1966,1,1,32.409889,-91.731522,320,P,1.0,0.72,0.24,0.0269563233068641,0.2654867256637168,0.5507856503006505,0.6666666666666667,0.0090452261306532,0.2,0.5221084645669891,0.4292687148556512
167,CA,22C0003,C. R. 41,CACHE CREEK,1930,2,12,38.890508,-122.239167,15,P,0.4444444444444444,0.7899999999999999,0.56,0.0243696382610698,0.3407079646017699,0.7339633925217638,0.6666666666666667,0.3045226130653266,1.0,0.5220746746361711,0.8620327291515482
168,MO,5023,OR 49 S,CENTER CR,1926,1,4,37.104808,-94.311167,1722,P,0.6388888888888888,0.72,0.52,0.0307657855021331,0.4424778761061947,0.566274671063544,0.4444444444444444,0.0030150753768844,1.0,0.5220470314804758,0.7454696477236689
169,PR,006531,PR 957,CANOVANAS RIVER,1953,2,1,18.338322,-65.888547,3000,P,1.0,0.7899999999999999,0.22,0.0335236118099317,0.3230088495575221,0.3956160915629414,0.6666666666666667,0.036180904522613,0.2,0.5218572338525036,0.5799282386473392
170,OR,07424 009 06294,US101 (HWY 9),Kilchis R. & Possetti Rd,1952,2,4,45.559456,-123.912256,13357,P,0.4444444444444444,0.7899999999999999,0.5000000000000001,0.1294414592982509,0.3274336283185841,0.7440091586094111,0.6666666666666667,0.2726968174204355,1.0,0.5216677099380909,0.8510894397531026
171,OR,16188 064 02525,Hwy 064 (I-205),Columbia R./So. Channel,1982,5,5,45.574197,-122.546614,148936,F,0.3888888888888889,0.6499999999999999,0.52,0.6242424242424243,0.1946902654867256,0.7358094034909047,0.6666666666666667,0.202680067001675,1.0,0.5216637682276448,0.928898761097213
172,TX,161780061702026,PR 22,GULF INTRACOASTAL WTRWAY,1973,6,21,27.634656,-97.239836,32667,F,0.3333333333333333,0.93,0.76,0.3012891140488514,0.2345132743362832,0.583859344516148,0.1111111111111111,0.3407035175879397,1.0,0.5213902380584141,0.7839032652893645
173,PR,014621,PR 567,GRANDE DE MANATI RIVER,1978,5,2,18.306106,-66.437558,1400,P,1.0,0.6499999999999999,0.32,0.0239945205281364,0.2123893805309734,0.3989125307156375,1.0,0.0422110552763819,0.2,0.5211401959412939,0.5676074913365738
174,CA,04C0098,COCKROBIN ISLD RD,EEL RIVER,1961,2,6,40.637522,-124.28235,25,F,0.3333333333333333,0.7899999999999999,0.68,0.0042524274048134,0.2876106194690265,0.746231322376217,0.6666666666666667,0.6,1.0,0.5209761035916723,0.8951357543841554
175,HI,007005600500593,KUHIO HWY,LUMAHAI STRM,1968,5,2,22.215625,-159.532622,3300,F,0.3611111111111111,0.8599999999999999,0.42,0.03202748814244,0.2566371681415929,0.9578853270573432,0.6666666666666667,0.6,1.0,0.5202661094452488,0.9230613470786382
176,IL,045630100000000,KIMBALL-ST,FOX RIVER,1917,5,5,42.041528,-88.290239,16900,P,0.6388888888888888,0.8599999999999999,0.52,0.1554490064619418,0.1238938053097345,0.5301230770248733,0.4444444444444444,0.0060301507537688,1.0,0.5201925408617878,0.7005871881907884
177,KS,000920669903305,165 ROAD,SPRING CREEK,1900,1,11,39.778183,-98.74925,15,P,0.6388888888888888,0.72,0.54,0.0001272140186456,0.5575221238938053,0.5929223531029117,0.1111111111111111,0.0150753768844221,1.0,0.5200887157235351,0.7675305623782438
178,NY,000000002206250,HILLSIDE ROAD,MOHAWK RIVER,1950,5,5,43.354983,-75.383392,234,P,0.925925925925926,0.74,0.3400000000000001,0.0625905992969322,0.1460176991150442,0.4526262039409839,1.0,0.0090452261306532,0.2,0.5200571930233102,0.4987446206278106
179,OK,007300000000000,N4310,CREEK,1920,1,19,36.27205,-95.327933,25,P,1.0,0.72,0.1,0.0406160637684497,0.4690265486725664,0.5723796621320841,0.5555555555555556,0.0180904522613065,0.2,0.5198845278481531,0.5650216291896979
180,SC,000000000008238,I-526 WB,WANDO RIV & LOCAL ROADS,1989,6,21,32.861586,-79.898878,35900,F,0.4166666666666667,0.93,0.76,0.3529503997766945,0.163716814159292,0.4797386385622418,0.1111111111111111,0.1393634840871021,1.0,0.5198309816764002,0.7943059500688678
181,MI,000000000010843,I-94,HURON RIVER,1971,5,5,42.231025,-83.607192,102776,F,0.4166666666666667,0.8599999999999999,0.38,0.6404040404040404,0.243362831858407,0.5020045521051242,0.6666666666666667,0.1514237855946398,1.0,0.5196483317164892,0.8663036410013578
182,TN,66SR0050005,FAP 5,OBION RIVER,1968,5,6,36.272731,-89.058436,3114,F,0.3888888888888889,0.8599999999999999,0.72,0.0466116504728505,0.2566371681415929,0.5347355796300738,0.6666666666666667,0.364824120603015,1.0,0.519595201410158,0.8223470874592557
183,IA,000000000174690,LOCAL,HONEY CREEK,1919,1,2,42.216089,-93.103917,16,P,1.0,0.72,0.28,0.0001356949532219,0.4734513274336283,0.5590259526096469,0.1111111111111111,0.0150753768844221,0.2,0.5195706218994264,0.4443797327169684
184,IL,016980900000000,I-294 NB,SALT CR,1958,5,2,41.828894,-87.918464,87550,F,0.4166666666666667,0.8599999999999999,0.3,0.6808080808080808,0.3008849557522124,0.5278908199917836,0.6666666666666667,0.1393634840871021,1.0,0.5194265598595628,0.8599619789414076
185,SC,000000000008617,SC 30,ASHLEY RIV & WAPPOO CRK,1993,6,6,32.777483,-79.958056,61400,F,0.3333333333333333,0.93,0.72,0.532850595110609,0.1460176991150442,0.4800939623648219,0.4444444444444444,0.0090452261306532,1.0,0.5194040425211357,0.8075960072046153
186,KY,037B00074N,KY 676 (E-W CONN),KENTUCKY RIVER & KY 1263,1979,6,21,38.170956,-84.875325,17909,F,0.4722222222222222,0.93,0.6599999999999999,0.1761274815707159,0.2079646017699115,0.5096188317316273,0.4444444444444444,0.0241206030150753,1.0,0.519354899435757,0.7525959651460461
187,KS,000111109107000,E Quaker Rd,SPRING RIVER-OVERFLOW,1916,1,3,37.0898,-94.682203,5,P,0.5833333333333334,0.72,0.6,0.020244424874902,0.4867256637168141,0.5685024909022354,0.5555555555555556,0.6,0.2,0.5191583690605064,0.7695994147430334
188,OR,01418 025X00014,US 199 (HWY 025)SB,ROGUE RIVER,1931,2,12,42.429489,-123.318528,18505,F,0.3888888888888889,0.7899999999999999,0.58,0.1650205024166189,0.4203539823008849,0.7404442241631941,0.6666666666666667,0.0060301507537688,1.0,0.5189389339813139,0.850825521766853
189,WV,00000000048A053,County Route 50,Middle Island Creek,1916,1,11,39.387869,-80.860847,90,P,0.6666666666666667,0.6,0.52,0.0128844962330858,0.4867256637168141,0.4855146107654946,0.6666666666666667,0.0482412060301507,1.0,0.5189245373730471,0.8886696741169537
190,CA,57 0459R,INTERSTATE 5,BATIQUITOS LAGOON,1965,2,5,33.090511,-117.302261,98500,P,0.4166666666666667,0.7899999999999999,0.38,0.6242424242424243,0.2699115044247787,0.7043206162721429,0.4444444444444444,0.1333333333333333,1.0,0.5184030100494902,0.8040712823218505
191,CA,57 0459L,INTERSTATE 5,BATIQUITOS LAGOON,1965,2,5,33.090622,-117.302064,98500,P,0.4166666666666667,0.7899999999999999,0.38,0.6242424242424243,0.2699115044247787,0.7043194334205914,0.4444444444444444,0.1333333333333333,1.0,0.518402891764335,0.8040712823218505
192,CT,04770,BROOK ROAD #2,MERRICK BROOK,1970,5,1,41.711375,-72.082575,0,P,1.0,0.8599999999999999,0.18,0.0,0.247787610619469,0.432807033842962,0.6666666666666667,0.0180904522613065,0.2,0.5182973203926418,0.5522061862828318
193,WA,080381000000000,NORTH RIVER ROAD,NORTH RIVER,1951,1,6,46.818203,-123.58285,303,P,0.5555555555555556,0.72,0.72,0.1399434605503788,0.331858407079646,0.7420312987203869,0.4444444444444444,0.192964824120603,0.2,0.5181426689521824,0.6449317316233312
194,MS,SA6700000000073,HEATHMAN HOLLY R1D,DRAINAGE CANAL,1976,1,22,33.445725,-90.753897,180,P,1.0,0.72,0.26,0.0338498005469797,0.2212389380530973,0.5449156744228364,0.6,0.0180904522613065,0.2,0.5179049639153566,0.3768415822501629
195,OR,470604072 00557,LIBERTY ST SE,PRINGLE CREEK,1928,2,4,44.9367,-123.040489,21752,F,0.4166666666666667,0.7899999999999999,0.4800000000000001,0.2248813293093394,0.4336283185840708,0.7387747883129534,0.6666666666666667,0.0,1.0,0.5177284436206364,0.8756332636651774
196,CA,36C0117,GREEN VALLEY RD,CASSERLY CREEK TRIB NO 1,1915,1,11,36.987883,-121.777361,500,P,0.7037037037037037,0.6,0.5,0.0446445076922276,0.4911504424778761,0.7311905603210429,0.7777777777777778,0.0241206030150753,0.2,0.5177193960146833,0.7686726331094271
197,IA,000000000502520,N 2ND AVE,SMALL STREAM,1900,1,19,43.433097,-96.166269,346,P,1.0,0.72,0.2,0.0029344033634255,0.5575221238938053,0.5774133019198383,0.1111111111111111,0.0060301507537688,0.2,0.5176440460109509,0.4789420824577999
198,MS,11000550172893A,I 55,HORN LAKE CREEK,1958,2,6,34.953633,-89.997914,34500,F,0.3888888888888889,0.7899999999999999,0.64,0.3693599196525984,0.3008849557522124,0.5403765086138221,0.5555555555555556,0.1393634840871021,1.0,0.5175303126062185,0.7794823474646687
199,WA,0008226D0000000,I-5,STEAMBOAT SLOUGH,1968,6,2,48.035719,-122.17825,64989,F,0.3611111111111111,0.93,0.42,0.5754098814264293,0.2566371681415929,0.7335976272021896,0.2222222222222222,0.1393634840871021,1.0,0.5174215307702653,0.8184231183540578
200,WA,0008226E0000000,I-5,STEAMBOAT SLOUGH,1968,6,2,48.035719,-122.178025,64989,F,0.3611111111111111,0.93,0.42,0.5754098814264293,0.2566371681415929,0.7335962762296055,0.2222222222222222,0.1393634840871021,1.0,0.5174213956730068,0.8184231183540578
201,CA,22 0124R,INTERSTATE 5 NB,YOLO BYPASS,1969,6,4,38.673242,-121.643022,25500,F,0.3888888888888889,0.93,0.52,0.2970719125056316,0.252212389380531,0.7303839456278327,0.4444444444444444,0.0482412060301507,1.0,0.5173233294973515,0.7745541919076884
202,WA,0000965B0000000,SR 529,UNION SL,1927,1,4,48.030958,-122.182775,16439,P,0.5,0.72,0.52,0.1636605077434453,0.4380530973451327,0.733624796761936,0.4444444444444444,0.0060301507537688,1.0,0.5170575699449621,0.8043054583849943
203,OR,00902C009 29737,US101(HWY009),ELK RIVER,1969,6,2,42.794333,-124.489219,4721,F,0.3888888888888889,0.93,0.36,0.1046849567815288,0.252212389380531,0.7474734305873078,0.6666666666666667,0.6495812395309882,1.0,0.5169716952070418,0.8934704702013304
204,OR,08052 380 05549,HWY 380,BEAVER CREEK,1956,2,4,44.133589,-119.958061,167,F,0.3888888888888889,0.7899999999999999,0.52,0.1791940938520323,0.3097345132743362,0.720266896222327,0.4444444444444444,0.6,1.0,0.516863994779314,0.8382410020019123
205,CA,57C0209,CAMINO DEL MAR,SAN DIEGUITO RIVER,1932,1,4,32.974419,-117.268917,14027,P,0.5277777777777778,0.72,0.52,0.1230024733432097,0.3230088495575221,0.7041204081395053,0.6666666666666667,0.0090452261306532,1.0,0.5167432121883342,0.7934222168510994
206,CA,27 0008,U.S. HIGHWAY 101,CORTE MADERA CR & SFD BL,1957,2,5,37.944642,-122.514739,172000,F,0.3888888888888889,0.7899999999999999,0.52,0.6080808080808081,0.0973451327433628,0.7356180157081605,0.4444444444444444,0.1333333333333333,1.0,0.5167155067643442,0.8454386409471435
207,PA,000000000005496,PENN  AVENUE,MAIDEN CREEK,1922,1,4,40.573247,-75.885239,100,P,0.8611111111111112,0.72,0.42,0.0048884974980414,0.4601769911504424,0.4556394552227672,0.5555555555555556,0.0060301507537688,0.2,0.5164275574803692,0.5884959910760247
208,MO,23097,EAST 2ND STREET,CREEK,1925,1,11,37.64425,-91.533769,200,P,0.7407407407407407,0.6,0.5,0.0421002273193153,0.4469026548672566,0.5495982774943441,0.4444444444444444,0.6,0.2,0.5162675233754991,0.7703351346749948
209,OR,02208 161 03340,OR 211 (HWY 161),CLACKAMAS RIVER,1936,1,11,45.2827,-122.332031,7518,F,0.4166666666666667,0.72,0.66,0.1162849186704363,0.3982300884955752,0.7345209779353092,0.5555555555555556,0.0482412060301507,1.0,0.5162601032560842,0.792916185896479
210,PA,000000000014834,CHESTER PIKE,CRUM CREEK,1926,1,11,39.866883,-75.340792,18095,P,0.5555555555555556,0.72,0.52,0.1777049354019215,0.4424778761061947,0.4523704197983986,0.6666666666666667,0.0150753768844221,1.0,0.5162313141970949,0.8557014624638066
211,LA,071004509101761,I0010,SABINE RELIEF,1954,1,4,30.14115,-93.669381,86969,P,0.5833333333333334,0.72,0.52,0.7373737373737373,0.3185840707964602,0.5624211808820134,0.1111111111111111,0.1393634840871021,0.2,0.5161949619984652,0.6538041260250999
212,MO,14669,GARRISON ST,N FK SPRING RVR,1928,1,11,37.186264,-94.313683,2500,P,0.6666666666666667,0.72,0.6799999999999999,0.0616063768449767,0.4336283185840708,0.5662897779391952,0.4444444444444444,0.0180904522613065,0.2,0.5159458588387784,0.5548636715255497
213,OR,01305 009 01972,US101 (Hwy 9),Neawanna Creek,1930,2,4,46.095139,-123.917147,16489,F,0.4166666666666667,0.7899999999999999,0.4000000000000001,0.1560037463914559,0.4247787610619469,0.7440385257512276,0.5555555555555556,0.4596314907872696,1.0,0.5159081223042711,0.8489561224179272
214,HI,003971001100001,WAIPIO PT. ACC RD,WAILANI STREAM,1967,6,2,21.383747,-157.992461,7835,P,0.4722222222222222,0.93,0.3,0.0664481224058945,0.2610619469026549,0.9486377035637232,0.1111111111111111,0.6,1.0,0.5157258883983383,0.8728437310645707
215,AK,0334,COPPER RIVER HWY,COPPER DELTA,1977,5,4,60.514592,-144.881208,40,F,0.3333333333333333,0.8599999999999999,0.52,0.0326624697062873,0.2168141592920354,0.8699135109152969,0.6666666666666667,0.6,1.0,0.5156056806580287,0.9234418519339674
216,OK,097070000000000,2544C,CREEK,1941,1,2,34.579392,-97.287633,100,P,1.0,0.72,0.26,0.061454154063698,0.3761061946902654,0.584146333123264,0.1111111111111111,0.0150753768844221,0.2,0.5154799925874993,0.326986729482394
217,IL,016046200000000,I-290 IKE CONGRESS,THRU POST OFFICE,1954,2,3,41.875506,-87.638825,76900,P,0.5,0.7899999999999999,0.76,0.6080808080808081,0.3185840707964602,0.5262117772253894,0.05,0.0,0.2,0.5152876656102657,0.700632650692373
218,MI,000000000008941,WEST SPRING LAKE R,SMITH BAYOU,1972,5,5,43.087275,-86.205561,5424,P,0.6388888888888888,0.8599999999999999,0.4800000000000001,0.0621622053038716,0.2389380530973451,0.5176059978043033,0.4444444444444444,0.0090452261306532,1.0,0.5152673313715291,0.6563998648798915
219,HI,003000920400587,NIMITZ HWY,NUUANU STRM (E.B),1952,2,4,21.313233,-157.865325,57600,F,0.3611111111111111,0.7899999999999999,0.4800000000000001,0.5087038518011938,0.3274336283185841,0.9478743380061714,0.1111111111111111,0.0060301507537688,1.0,0.5150360226836167,0.8095393998097202
220,WA,0012271A0000000,W.B. & REV I-90,LAKE WASHINGTON,1989,5,5,47.590286,-122.285789,68544,P,0.4166666666666667,0.6499999999999999,0.52,0.5934383917242286,0.163716814159292,0.7342433260498298,0.1111111111111111,0.6127303182579564,1.0,0.5149985913284552,0.9336033709337732
221,HI,007000500301039,KAUMUALII HWY,WAIMEA RIVER,1940,2,4,21.953278,-159.664281,11300,F,0.3611111111111111,0.7899999999999999,0.4000000000000001,0.1079557728342444,0.2610619469026549,0.9586758501659962,0.6666666666666667,0.6,1.0,0.5148804681014008,0.9068482093509288
222,WI,B35084600000000,STH 64-STH 107-W M,WISCONSIN RIVER   39,1927,1,4,45.178792,-89.716422,5900,P,0.5833333333333334,0.72,0.52,0.0621587261218219,0.4380530973451327,0.5386863398376578,0.4444444444444444,0.1386934673366834,1.0,0.514880045252851,0.7513626749679562
223,MS,SA6700000000137,GRITTMAN ROAD,LONG LAKE,1972,1,22,33.853278,-90.537558,30,P,0.9166666666666666,0.72,0.36,0.0325776603605235,0.2389380530973451,0.5436167052767626,0.6,0.0422110552763819,0.2,0.5147904613039489,0.4073652509913253
224,WA,0007666C0000000,US 101,COLUMBIA R,1966,5,2,46.234958,-123.871783,23300,P,0.4444444444444444,0.8599999999999999,0.44,0.2218481998719511,0.2654867256637168,0.7437661456609873,0.4444444444444444,0.2666666666666666,1.0,0.5147767737863321,0.7780236334108572
225,NE,S002 50816,N2,MISSOURI RIVER/BNSF RR,1983,6,21,40.669806,-95.831467,9850,F,0.3888888888888889,0.72,0.76,0.2007089227490064,0.1902654867256637,0.5754030427060867,0.1111111111111111,0.8666666666666667,1.0,0.5147488563291869,0.800242871711674
226,CA,57 0713L,INTERSTATE 5 SB,SAN LUIS REY RIVER,1971,2,5,33.206372,-117.384811,78500,F,0.3333333333333333,0.7899999999999999,0.5000000000000001,0.6242424242424243,0.243362831858407,0.7048162731024342,0.4444444444444444,0.166499162479062,1.0,0.5146226665998352,0.8185249506065696
227,TX,121020017706134,IH 69 NBML,SAN JACINTO RIVER,1974,5,2,30.026403,-95.259467,78458,F,0.3888888888888889,0.8599999999999999,0.44,0.6323232323232323,0.1150442477876106,0.5719685701812334,0.6666666666666667,0.1393634840871021,1.0,0.5144573347891183,0.8735572130184799
228,WI,P21090700000000,LRD SOPER RD (CLOS,N BR OCONTO RIVER,1917,1,2,45.440333,-88.629917,0,P,1.0,0.72,0.26,0.0,0.4823008849557522,0.5321626133156024,0.1111111111111111,0.0090452261306532,0.2,0.5144541666892237,0.4472934314333107
229,OR,00744B029 01431,Hwy 029,Dairy Creek,1923,2,4,45.52,-123.010861,28179,F,0.4444444444444444,0.7899999999999999,0.4600000000000001,0.2511054675488703,0.3097345132743362,0.7385968922430822,0.6666666666666667,0.0422110552763819,1.0,0.5139986845148925,0.7973774406846135
230,HI,003000830300573,KAM HWY,WAIMEA STRM,1930,2,4,21.639283,-158.060767,12700,F,0.3333333333333333,0.7899999999999999,0.44,0.1198290812411688,0.4247787610619469,0.9490478348229586,0.6666666666666667,0.2666666666666666,1.0,0.5138655677126074,0.8954634439128353
231,HI,007350011135001,PAENA LOOP,NAWILIWILI STRM,1900,1,3,21.960719,-159.352642,350,F,0.4444444444444444,0.72,0.58,0.002968327101731,0.5575221238938053,0.9568046690765336,0.1111111111111111,0.0090452261306532,1.0,0.5138484399804063,0.8624489924876972
232,CA,29 0252R,I-5 NB & SR 120 EB,SAN JOAQUIN RIVER,1971,2,5,37.785292,-121.306589,80000,F,0.3611111111111111,0.7899999999999999,0.42,0.705050505050505,0.079646017699115,0.7283638933639272,0.4444444444444444,0.369179229480737,1.0,0.5137650030853916,0.8713080158607929
233,HI,003000920400480,NIMITZ HWY,KAPALAMA CANAL (E.B),1949,2,1,21.320225,-157.877394,57600,P,0.4722222222222222,0.7899999999999999,0.3,0.5087038518011938,0.3053097345132743,0.9479468041755812,0.1111111111111111,0.0060301507537688,1.0,0.5136086576978044,0.7731415303092694
234,OR,08381S001 04561,I-5 (HWY 001) SB,ROGUE RIVER (HOMESTEAD),1961,2,5,42.4152,-123.1265,19847,F,0.3888888888888889,0.7899999999999999,0.5000000000000001,0.220846361062558,0.2876106194690265,0.7392912261037492,0.6666666666666667,0.2931323283082077,1.0,0.5134869926344994,0.8403906400556816
235,CA,24 0001L,ST RTE 160 WB  LRT,AMERICAN RIVER,1915,1,11,38.596525,-121.475672,26500,P,0.4722222222222222,0.72,0.58,0.2449467864759456,0.4070796460176991,0.7293791222414092,0.2222222222222222,0.0180904522613065,1.0,0.5132117447532374,0.7826633343014381
236,CA,35 0255R,INTERSTATE 380 EB,US 101  RAMPS  CITY ST,1976,6,5,37.635242,-122.404386,75000,F,0.3888888888888889,0.93,0.52,0.6202020202020202,0.1725663716814159,0.7349554206967355,0.4444444444444444,0.2666666666666666,0.2,0.513050159035795,0.8088406656875984
237,IN,4700114,CEMENT PLANT ROAD,LEATHERWOOD CREEK,1909,2,3,38.855028,-86.469419,240,P,0.6666666666666667,0.7899999999999999,0.6,0.018197040459946,0.5176991150442478,0.5191902863558115,0.4444444444444444,0.0030150753768844,0.2,0.5130482868437337,0.6364081357294551
238,WA,0001212A0000000,US 2,WENATCHEE RIVER,1929,2,11,47.546219,-120.573033,8705,P,0.5277777777777778,0.7899999999999999,0.62,0.1061497678105727,0.4292035398230088,0.723959386497771,0.6666666666666667,0.0060301507537688,0.2,0.5130105547286015,0.7093195575152826
239,LA,616330559912461,Sligo Rd,WALTER CREEK,1967,1,1,30.934069,-91.409217,100,P,1.0,0.72,0.2,0.0250905177000617,0.2610619469026549,0.5488504271063798,0.6,0.0301507537688442,0.2,0.5130078268593519,0.3865752176057714
240,CA,11C0075,COUNTY ROAD Z,ANGEL SLOUGH,1925,2,4,39.467542,-121.930078,586,P,0.6666666666666667,0.7899999999999999,0.52,0.0453738680657958,0.2920353982300885,0.7321075224549205,0.6,0.057286432160804,0.2,0.5129826671497874,0.5887302193361292
241,OR,00580 01E 01787,Hwy 081 (OR 99E),Beaver Creek,1929,2,4,45.297447,-122.657972,23127,F,0.3888888888888889,0.7899999999999999,0.5000000000000001,0.2123001901094302,0.4292035398230088,0.7364780328465387,0.6666666666666667,0.0211055276381909,1.0,0.5129090082153629,0.8579600490301056
242,GA,000000002550160,HUMPBACK ROAD,LITTLE SATILLA RIVER,1970,1,1,31.313478,-81.982392,60,P,0.7777777777777778,0.72,0.36,0.0045492601149865,0.247787610619469,0.4922487287513102,0.6,0.0391959798994974,1.0,0.512862803387996,0.6664803376659993
243,NY,000000001015520,RTE 20,CAZENOVIA CREEK,1929,2,11,42.815303,-78.696856,21396,P,0.6111111111111112,0.7899999999999999,0.62,0.2016600963981299,0.4292035398230088,0.4725213107068762,0.5555555555555556,0.0090452261306532,0.2,0.5128463115548897,0.6790530862857258
244,WA,079969000000000,Harstine Bridge Rd,PICKERING PASSAGE,1969,6,2,47.244211,-122.924544,2155,F,0.4166666666666667,0.93,0.44,0.0788824746181477,0.252212389380531,0.7380786171295721,0.4444444444444444,0.4793969849246231,1.0,0.5127760862479451,0.8003054530012592
245,AL,015505,I-65,EIGHTMILE CREEK,1965,1,4,30.772717,-88.095556,69472,F,0.4444444444444444,0.72,0.4800000000000001,0.6336319313343366,0.1504424778761062,0.5289541374889362,0.6666666666666667,0.1393634840871021,1.0,0.5127154733187373,0.8750097216241932
246,MI,000000000007224,OTTAWA LAKE ROAD,OTTAWA LAKE DRAIN,1900,1,3,41.763083,-83.762069,480,P,0.6388888888888888,0.72,0.58,0.0646769092027203,0.5575221238938053,0.5029344835758089,0.6666666666666667,0.0422110552763819,0.2,0.5126794599866081,0.7396246098647292
247,GA,000000029300220,HANNAHS MILL ROAD,POTATO CREEK,1966,5,22,32.918956,-84.346956,2490,P,0.6388888888888888,0.8599999999999999,0.42,0.0251579311355766,0.2654867256637168,0.5064463338059556,0.6,0.0241206030150753,1.0,0.5126373514335009,0.6954776353666707
248,AL,001632,CO 83,BRUSH CREEK,1917,1,3,32.431028,-85.275228,80,P,0.6944444444444444,0.72,0.6599999999999999,0.0006784747661099,0.4823008849557522,0.5120199783506943,0.4444444444444444,0.0060301507537688,0.2,0.5126347746782773,0.6308474732457641
249,FL,150107,I-275 NB,TAMPA BAY,1959,5,2,27.919331,-82.610608,83500,F,0.4444444444444444,0.8599999999999999,0.44,0.6282828282828282,0.1504424778761062,0.4960207402752144,0.4444444444444444,0.1363484087102177,1.0,0.5126253584122591,0.8193254875086119
250,MO,19980,COUNTY ROAD 561,CR BR TO N FABIUS,1900,1,19,40.416467,-92.173186,30,P,1.0,0.6,0.12,0.0406584684413316,0.5575221238938053,0.5534375434356449,0.5555555555555556,0.0301507537688442,0.2,0.5124471290432983,0.6259016107923892
251,VA,000000000006164,GORDONS MILL RD.,PISCATAWAY CREEK,1923,1,3,37.861822,-76.875747,242,P,0.6111111111111112,0.72,0.58,0.0020523861674826,0.4557522123893805,0.4615867847885843,0.4444444444444444,0.0090452261306532,1.0,0.5123913996410773,0.7728567553516387
252,CA,57 0282,INTERSTATE 5,AGUA HEDIONDA LAGOON,1953,2,1,33.144442,-117.333406,222000,F,0.4444444444444444,0.7899999999999999,0.3,0.6242424242424243,0.247787610619469,0.7045076208993921,0.4444444444444444,0.1574539363484087,1.0,0.5123597957268823,0.8241930637661296
253,TN,23S80050011,NFA 1433 (SA 2308),OBION RIVER,1957,5,6,36.191781,-89.361397,730,P,0.4444444444444444,0.8599999999999999,0.7000000000000001,0.0183122943619655,0.2300884955752212,0.5365546552080493,0.6666666666666667,0.1055276381909547,1.0,0.5122163708685158,0.7698749092738961
254,WA,085264000000000,E. MARKET ST.,WISHKAH RIVER,1956,5,2,46.985097,-123.805164,2258,F,0.4722222222222222,0.8599999999999999,0.36,0.0393519704754739,0.3097345132743362,0.7433661436939712,0.5555555555555556,0.4793969849246231,1.0,0.5120484453239427,0.8156774401464015
255,OR,01417N01W 01218,OR 99W(HWY 91)NB,TUALATIN RIVER,1955,2,3,45.394067,-122.799294,14983,F,0.3888888888888889,0.7899999999999999,0.7,0.1391910548790318,0.3141592920353982,0.737326575724436,0.4444444444444444,0.0,1.0,0.512012136708331,0.7316192414248921
256,CA,10C0146,LAMBERT LANE,ROBINSON CREEK,1954,1,1,39.008511,-123.368147,379,P,0.7222222222222222,0.72,0.18,0.0032142742044459,0.3185840707964602,0.7407421526460799,1.0,0.6,0.2,0.5118096053202542,0.7694709504656356
257,HI,003000930301128,FARR HWY,KAUPUNI STRM,1937,2,4,21.448969,-158.190078,18800,P,0.4722222222222222,0.7899999999999999,0.38,0.1675223781166494,0.2699115044247787,0.9498242597821568,0.1111111111111111,0.4793969849246231,1.0,0.5118067745897007,0.7983845024504734
258,LA,083500530414631,LA0001-X,CANE RIVER,1936,1,4,31.7607,-93.084942,6362,P,0.6666666666666667,0.72,0.52,0.070117321936511,0.3982300884955752,0.5589120205883898,0.1111111111111111,0.0150753768844221,1.0,0.511701934168491,0.6604021274613843
259,OR,00511A932600000,BURNSIDE ST,WEST BURNSIDE APPROACH,1927,1,3,45.5231,-122.670303,60407,F,0.4166666666666667,0.72,0.76,0.5527118553590974,0.4380530973451327,0.7365520721484686,0.05,0.0060301507537688,0.2,0.511699876689625,0.7220032242802323
260,MO,25245,OLD HWY E,SHOAL CR,1922,1,11,36.945256,-94.265414,100,P,0.7777777777777778,0.6,0.58,0.0412521338616778,0.4601769911504424,0.5659999552918139,0.4444444444444444,0.0241206030150753,0.2,0.511615604847814,0.6100623502900935
261,HI,003000830302282,KAM HWY,KALUANUI STRM,1926,2,1,21.598058,-157.897158,11100,F,0.4444444444444444,0.7899999999999999,0.3,0.1143403939997776,0.4424778761061947,0.9480654736073664,0.1111111111111111,0.6164154103852596,1.0,0.5114758115572635,0.8864250614490956
262,PA,000000000033288,T-797,SALT SPRING RUN,1935,1,4,41.564325,-77.013953,5,P,0.75,0.72,0.3400000000000001,4.240467288187271e-05,0.4026548672566372,0.4624166181972728,0.8888888888888888,0.4793969849246231,0.2,0.5114256827033548,0.7496604173935595
263,PA,000000000024469,STEPHENSON STREET,LACKAWANNA RIVER,1959,5,5,41.353703,-75.766786,50,P,0.5833333333333334,0.8599999999999999,0.38,0.0812321275368995,0.2964601769911504,0.4549282251983154,0.4444444444444444,0.4793969849246231,1.0,0.5112874577744232,0.7750074251736656
264,TN,05S24230003,NFA 5551,GALLAGHER CREEK,1930,1,19,35.7497,-84.1212,1214,P,1.0,0.72,0.1,0.0143362586161227,0.4247787610619469,0.5050908219539961,0.6666666666666667,0.0090452261306532,0.2,0.5112061788030726,0.6114712770246786
265,FL,865774,West Lake Drive,Stranahan River,1956,1,4,26.102875,-80.113139,2690,P,0.6111111111111112,0.72,0.44,0.0308945220912556,0.3097345132743362,0.4810251307259614,0.4444444444444444,0.6,1.0,0.5111654166091554,0.8053132147244408
266,NH,026102900006400,MAPLE STREET,BRANCH RIVER,1940,1,4,43.494419,-71.025803,96,P,0.9166666666666666,0.72,0.3400000000000001,0.0169757858809481,0.2389380530973451,0.4264618338446503,0.8888888888888888,0.0060301507537688,0.2,0.5111501859310938,0.5105602705491156
267,MN,7423,UT 2233,SWAN RIVER,1917,1,11,47.204022,-93.299847,25,P,0.7777777777777778,0.72,0.5,0.0244544476068336,0.4823008849557522,0.5602023795358612,0.3333333333333333,0.0060301507537688,0.2,0.5111083898586444,0.5611445014592416
268,HI,003000830303639,KAM HWY,KAHALUU STRM,1980,5,2,21.458944,-157.840011,13700,P,0.5555555555555556,0.8599999999999999,0.3,0.1363908238983514,0.2035398230088495,0.9477223445839787,0.1111111111111111,0.2757118927973199,1.0,0.5109953382334284,0.7645439747424365
269,HI,003000920400592,NIMITZ HWY,SLIP COVER #1 HON HBR,1952,2,1,21.312022,-157.865203,57600,F,0.4166666666666667,0.7899999999999999,0.36,0.5087038518011938,0.3274336283185841,0.9478736054788146,0.1111111111111111,0.0060301507537688,1.0,0.5109248383197699,0.7651597225940805
270,FL,900117,US 1 (SR 5),NILES CHANNEL,1981,6,21,24.660947,-81.436325,16900,F,0.3333333333333333,0.72,0.76,0.2120146630275984,0.1991150442477876,0.4889699663243363,0.4444444444444444,0.8666666666666667,1.0,0.5108988562488611,0.8189961847151799
271,HI,003407001100001,AULOA RD,AULOA RD/MAUNAWILI STRM,1921,2,4,21.376675,-157.761011,900,P,0.4444444444444444,0.7899999999999999,0.44,0.007632841118737,0.4646017699115044,0.9472480030989028,0.6666666666666667,0.6,0.2,0.5108927058573589,0.8861868899921355
272,AR,000000000017325,CO RD 44,White River,1921,1,11,36.000978,-94.003564,1100,P,0.5555555555555556,0.72,0.54,0.013369432074416,0.4646017699115044,0.5644277234200782,0.5555555555555556,0.0180904522613065,1.0,0.510811081820332,0.7720693722867961
273,LA,616330535912751,Highland Rd,MADDEN CREEK,1970,1,1,30.891917,-91.457903,210,P,1.0,0.72,0.2,0.0260234205034629,0.247787610619469,0.5491427535562837,0.6,0.0,0.2,0.5102953784679215,0.3951119976900639
274,PA,000000000027916,BELMONT AVENUE,SCHUYLKILL RIVER,1928,1,11,40.025806,-75.228394,32092,P,0.5,0.72,0.58,0.2802509605058199,0.4336283185840708,0.451695545947265,0.4444444444444444,0.0301507537688442,1.0,0.51028724241438,0.8116174203105859
275,PA,000000000005308,POPLAR NECK ROAD,SCHUYLKILL RIVER,1917,1,11,40.302253,-75.906111,1086,P,0.4722222222222222,0.72,0.66,0.0496143353539831,0.3274336283185841,0.4557647774439887,0.5555555555555556,0.4793969849246231,1.0,0.51008445669122,0.8613687017330205
276,AL,000406,BROAD ST,COOSA RIVER,1927,1,11,34.01,-85.997322,16100,F,0.4722222222222222,0.72,0.6799999999999999,0.1405834507200341,0.4380530973451327,0.5163556636712562,0.4444444444444444,0.0060301507537688,1.0,0.5100785064891086,0.7429723046325596
277,HI,009003600501098,HANA HWY,PUOHOKAMOA STRM,1912,2,4,20.866653,-156.178386,1800,F,0.4722222222222222,0.7899999999999999,0.3600000000000001,0.0193060862778782,0.504424778761062,0.9377454120505708,0.6666666666666667,0.6,0.2,0.5100365165978399,0.8921322194123429
278,WA,0007868A0000000,US 101,S FK WILLAPA RIVER,1966,6,2,46.68175,-123.732064,10253,P,0.3888888888888889,0.93,0.36,0.1111974464539924,0.243362831858407,0.7429272277122111,0.4444444444444444,0.7460636515912897,1.0,0.50999637762647,0.8199728640452362
279,OR,22060 000 00000,Johanneson Cr Rd.,Dean Creek,1964,5,1,43.675289,-123.996678,76,P,0.5277777777777778,0.8599999999999999,0.18,0.1016546520379054,0.2743362831858407,0.7445160555316019,0.6,0.6,1.0,0.5099951435199793,0.8771709416999116
280,CA,24 0068L,INTERSTATE 5 SB,AMERICAN RIV  GARDEN HWY,1968,2,5,38.600031,-121.504483,92500,F,0.2777777777777778,0.7899999999999999,0.52,0.6404040404040404,0.2566371681415929,0.7295521127797195,0.4444444444444444,0.1725293132328308,1.0,0.5094524644608435,0.8253579944791354
281,CA,57 0007R,INTERSTATE 5,SANTA MARGARITA RIVER,1967,2,5,33.235061,-117.406344,132000,F,0.3888888888888889,0.7899999999999999,0.38,0.6,0.2610619469026549,0.7049455641808917,0.4444444444444444,0.1574539363484087,1.0,0.5094178923702195,0.8060258628665484
282,MA,D0700447TDOTNBI,ST 28 MAIN ST,WATER BASS RIVER,1935,2,1,41.665822,-70.182025,15407,P,0.6388888888888888,0.7899999999999999,0.36,0.1589485873010308,0.4026548672566372,0.4213955185333293,0.5555555555555556,0.0180904522613065,1.0,0.5092044199221651,0.7581970859598081
283,IL,038473400000000,TR 242,MUD CR,1917,1,0,40.597967,-87.756089,25,P,0.8055555555555556,0.72,0.44,0.0002120233644093,0.4823008849557522,0.5269158681102747,0.4444444444444444,0.0090452261306532,0.2,0.5090062500606873,0.5401303426980038
284,CA,24 0068R,INTERSTATE 5 NB,AMERICAN RIV  GARDEN HWY,1968,2,5,38.599878,-121.504767,92500,F,0.2777777777777778,0.7899999999999999,0.52,0.6404040404040404,0.2566371681415929,0.7295538180073369,0.4444444444444444,0.1634840871021775,1.0,0.5090003736770726,0.8241284575335271
285,ID,000000000030480,E FRONTAGE ROAD,WOLF LODGE CREEK,1934,1,4,47.628986,-116.621847,150,P,0.5,0.72,0.38,0.0416761805904965,0.4070796460176991,0.700235191117378,0.6,0.4793969849246231,1.0,0.5088689510187885,0.832817508134174
286,MI,000000000010815,US-12BR  M-17,HURON RIVER,1912,1,11,42.241042,-83.611778,18300,P,0.5,0.72,0.5,0.1632819108284622,0.504424778761062,0.5020320879285489,0.6666666666666667,0.0090452261306532,1.0,0.5087594723916733,0.8298496361054905
287,CA,22 0124L,INTERSTATE 5 SB,YOLO BYPASS,1969,6,4,38.673492,-121.643094,25500,F,0.3611111111111111,0.93,0.52,0.2970719125056316,0.252212389380531,0.7303843779390596,0.4444444444444444,0.0150753768844221,1.0,0.5087206368267433,0.7564388080839393
288,OR,01143D009 35798,US101(HWY009),CHETCO RIVER,1972,6,5,42.054839,-124.268114,18250,F,0.2777777777777778,0.93,0.4600000000000001,0.1668982681400475,0.2389380530973451,0.7461458448397419,0.4444444444444444,0.8666666666666667,1.0,0.5086982166077134,0.8473332541472807
289,HI,003000H20100425,FAI-H2,KIPAPA STRM,1975,6,5,21.458428,-157.993183,97000,F,0.3611111111111111,0.93,0.52,0.6121212121212121,0.2256637168141592,0.9486420386846376,0.1111111111111111,0.1333333333333333,0.2,0.5086426967620008,0.7466885361170827
290,LA,040700010600001,US0080,CROWS CREEK,1954,1,1,32.581564,-93.176983,780,P,0.6666666666666667,0.72,0.36,0.0833828057372489,0.3185840707964602,0.5594646644444389,0.6666666666666667,0.0060301507537688,1.0,0.5084446616355033,0.7139050186373735
291,CA,12C0301,CANA HWY,PINE CREEK,1921,2,4,39.840336,-122.015936,276,P,0.5,0.7899999999999999,0.42,0.0871892227915642,0.4646017699115044,0.7326230415843591,0.6666666666666667,0.6,0.2,0.5082747367620761,0.8568015296352824
292,OK,309720000000000,E0180,CHIKASKIA RIVER OFLOW,2017,5,2,36.753333,-97.230278,2886,P,1.0,0.8599999999999999,0.28,0.0850820377934775,0.0398230088495575,0.5838019552007764,0.1111111111111111,0.0150753768844221,0.2,0.5081800245841578,0.3405565080064737
293,OR,08848A431 02965,OR 140 (HWY 431),DEEP CREEK,1966,5,1,42.174939,-119.870975,308,P,0.5,0.8599999999999999,0.26,0.1440262692636648,0.2654867256637168,0.7197440037847407,0.4444444444444444,0.6,1.0,0.5081479220934344,0.8102684076647709
294,TX,150150007212206,IH 10 WB UPPER LEV,FREDERICKSBURG - POPLAR,1989,6,21,29.453783,-98.515214,81813,F,0.3888888888888889,0.93,0.76,0.6242424242424243,0.163716814159292,0.5915171254598582,0.05,0.1393634840871021,0.2,0.5081380328127347,0.6759653621691646
295,NJ,1203150,US 1 NB,RARITAN RIVER &LOCAL RDS,1929,1,11,40.493439,-74.412686,61830,F,0.4166666666666667,0.72,0.6799999999999999,0.5405378010188541,0.2256637168141592,0.4467977719712108,0.4444444444444444,0.0060301507537688,1.0,0.5079903254069997,0.7838831576759717
296,HI,003000920400363,NIMITZ HWY,KALIHI STRM,1945,2,4,21.332439,-157.88955,24300,P,0.4444444444444444,0.7899999999999999,0.4600000000000001,0.2303291344483256,0.3584070796460177,0.948019792721057,0.1111111111111111,0.0,1.0,0.5078422673482067,0.7754556237799192
297,IL,032540500000000,TR-2 LASALLE RD,WAUPECON CR,1963,5,5,41.187872,-88.586831,25,P,0.7777777777777778,0.8599999999999999,0.3600000000000001,0.161828184980571,0.2787610619469026,0.5319039110722357,0.4444444444444444,0.0180904522613065,0.2,0.5078205050797029,0.3921705499884366
298,PR,017281,PR 358,HOCONUCO RIVER,1978,1,19,18.115981,-67.070994,1000,P,1.0,0.72,0.28,0.0206021466975866,0.2123893805309734,0.4027158848034924,0.6666666666666667,0.0180904522613065,0.2,0.5078085971496038,0.5234408384642486
299,MS,21000820420583B,US 82,TALLAHATCHIE  YAZOO CUTO,1959,2,6,33.531142,-90.238967,7000,F,0.4166666666666667,0.7899999999999999,0.7000000000000001,0.1038109864790662,0.2964601769911504,0.541823868588531,0.4444444444444444,0.2726968174204355,1.0,0.5077332329657855,0.7265374863221026
300,MS,21000820420583A,US 82,TALLAHATCHIE  YAZOO CUTO,1959,2,6,33.531053,-90.23715,7000,F,0.4166666666666667,0.7899999999999999,0.7000000000000001,0.1038109864790662,0.2964601769911504,0.5418129587343743,0.4444444444444444,0.2726968174204355,1.0,0.5077321419803699,0.7265374863221026
301,OR,00982 009 19693,US101 (HWY 9),Siltcoos River,1930,2,4,43.962686,-124.10825,4843,F,0.3611111111111111,0.7899999999999999,0.38,0.0935984186786344,0.4247787610619469,0.7451859698122714,0.4444444444444444,0.8666666666666667,1.0,0.5076896482886186,0.8212400636722219
302,OR,07147 009 06798,US101 (Hwy 9),Trask River,1949,2,4,45.447775,-123.842483,8740,F,0.3611111111111111,0.7899999999999999,0.52,0.1387698328439781,0.3407079646017699,0.7435902190089275,0.6666666666666667,0.2998324958123953,1.0,0.5074095375471984,0.8536285030204851
303,FL,900097,US 1 (SR 5),CHANNEL #2,1981,5,2,24.842075,-80.752325,12700,F,0.4444444444444444,0.8599999999999999,0.44,0.1723543337664213,0.1991150442477876,0.4848630096687426,0.4444444444444444,0.8666666666666667,1.0,0.5072999054349618,0.7826560171798744
304,WI,P35094900000000,LRD SKANAWAN LAKE,SKANAWAN CREEK,1935,1,1,45.424217,-89.670511,1,P,0.9444444444444444,0.51,0.18,8.480934576374541e-06,0.4026548672566372,0.5384106753829576,0.6666666666666667,0.6,0.2,0.5070518468018615,0.8232286056121912
305,WA,085428000000000,SUNSET BOULEVARD,LATAH CREEK,1913,2,11,47.649911,-117.447078,14995,P,0.5555555555555556,0.7899999999999999,0.66,0.1352524220535443,0.5,0.7051901442575129,0.1111111111111111,0.0180904522613065,0.2,0.5068932236886154,0.6270078774131641
306,OR,19C513 386  040,COUNTY RD 386,SOUTH UMPQUA RIVER,1922,2,11,43.025161,-123.295961,11004,F,0.4444444444444444,0.7899999999999999,0.6799999999999999,0.1216070323612537,0.0840707964601769,0.7403087246151726,0.5555555555555556,0.0542713567839195,1.0,0.5067011120717453,0.7793189524235584
307,PA,000000000031012,COLLIERY ST.,MILL CREEK,1921,1,11,40.723831,-76.192386,50,P,0.8518518518518519,0.72,0.5,0.0246664709712429,0.4646017699115044,0.4574836648951292,0.1111111111111111,0.0060301507537688,0.2,0.5064952166339945,0.5386979605119114
308,CA,17C0045,HIRSCHDALE RD,TRUCKEE RIVER,1926,2,4,39.367636,-120.075778,70,P,0.5,0.7899999999999999,0.42,0.0207956856223664,0.4424778761061947,0.7209737070653481,0.6,0.0241206030150753,1.0,0.5061307570301447,0.7963201941205431
309,KY,084B00003N,US-68,KENTUCKY RIVER,1954,2,21,37.860206,-84.701803,2641,P,0.5,0.7899999999999999,0.6599999999999999,0.0628021886202455,0.3185840707964602,0.5085769496661419,0.4444444444444444,0.0482412060301507,1.0,0.5061306034320144,0.6822502018678245
310,CA,35 0255L,INTERSTATE 380 WB,US 101  RAMPS  CITY ST,1976,6,5,37.6361,-122.403894,75000,F,0.3611111111111111,0.93,0.52,0.6202020202020202,0.1725663716814159,0.7349524665700182,0.4444444444444444,0.2666666666666666,0.2,0.5061054191786787,0.8000257089421832
311,CA,15C0131,LEESVILLE-LODGA RD,LITTLE INDIAN CREEK,1915,1,3,39.264308,-122.479294,37,P,0.5555555555555556,0.72,0.58,0.0043541986197298,0.4911504424778761,0.7354051924937488,0.6,0.1809045226130653,0.2,0.5060250983786777,0.7566313908320207
312,OR,00142 414700928,OLD HWY 30,BEAVER CREEK,1918,2,4,46.098781,-123.080239,759,F,0.5,0.7899999999999999,0.3600000000000001,0.0266390495454884,0.4778761061946902,0.7390134601361404,0.6666666666666667,0.0150753768844221,1.0,0.5059399637651864,0.8359365176272219
313,WA,085731000000000,W NORTH BEND WAY,S FORK SNOQUALMIE RIVER,1941,1,3,47.497103,-121.790411,6500,F,0.5,0.72,0.74,0.0753280949484547,0.3761061946902654,0.7312689167309194,0.6666666666666667,0.0060301507537688,0.2,0.5059051615079857,0.6514464540455644
314,OR,09737A064 00410,Hwy 064 (I-205 SB),Tualatin River,1970,6,2,45.371311,-122.747208,40491,F,0.3333333333333333,0.93,0.38,0.3757247542552139,0.247787610619469,0.7370138345777061,0.6,0.1996649916247906,1.0,0.5058692028598117,0.8133263933502951
315,CA,29 0236F,W4-N&S5 CONNECTOR,LINCOLN  UP RR  BNSF RY,1972,6,5,37.949486,-121.297072,40200,P,0.4166666666666667,0.93,0.42,0.3974992265359131,0.2389380530973451,0.728306750225782,0.1111111111111111,0.1423785594639866,1.0,0.5058155531813257,0.7436630200307146
316,PA,000000000022862,YORDYS BRIDGE ROAD,SWATARA CREEK,1924,1,0,40.395075,-76.551164,200,P,0.6944444444444444,0.72,0.48,0.0825042677233557,0.1371681415929203,0.4596378837474401,0.6666666666666667,0.0180904522613065,1.0,0.5057799963638814,0.7606965852611072
317,LA,040900453002261,LA0002,JEEMS BAYOU,1973,1,1,32.807472,-94.015919,1464,P,0.6666666666666667,0.72,0.36,0.1174665932703173,0.2345132743362832,0.5645019068257505,0.6666666666666667,0.0422110552763819,1.0,0.5057587302070542,0.702361257536369
318,MI,000000000006414,CROCKER BLVD,CLINTON RIVER,1960,5,5,42.5962,-82.876653,11736,P,0.5833333333333334,0.8599999999999999,0.38,0.1116534603095437,0.2920353982300885,0.49761816028024,0.6666666666666667,0.0090452261306532,1.0,0.5057496298551865,0.7395194413627617
319,IN,6700229,CR 750S,BIG WALNUT CREEK,1923,1,11,39.551519,-86.98135,100,P,0.5555555555555556,0.72,0.54,0.0210501136596576,0.4557522123893805,0.5222640852266518,0.5555555555555556,0.0030150753768844,1.0,0.5057240615630799,0.7731576610479473
320,LA,046000830615741,LA0002-A,INDIAN CREEK,1968,1,1,32.948053,-93.252322,655,P,0.8611111111111112,0.72,0.32,0.0823226889152021,0.2566371681415929,0.5599170241044912,0.6666666666666667,0.0241206030150753,0.2,0.5057048293779934,0.4548166257297898
321,MI,000000000002830,W SECOND STREET,SWARTZ CREEK,1919,1,11,43.010803,-83.699261,1798,P,0.7777777777777778,0.6,0.5,0.0475719526915537,0.4734513274336283,0.5025573640822059,0.6666666666666667,0.0090452261306532,0.2,0.5055881035050492,0.71800837556927
322,HI,003000720401418,KAL HWY,NIU STRM,1934,2,1,21.281261,-157.737711,58500,P,0.4444444444444444,0.7899999999999999,0.22,0.5163366929199309,0.2743362831858407,0.9471081023824184,0.1111111111111111,0.2726968174204355,1.0,0.5055796153865075,0.8139268484104856
323,ID,000000000026350,SMA9213;VETERANS P,BOISE RIVER,1984,6,6,43.635989,-116.2434,22500,F,0.3888888888888889,0.93,0.5800000000000001,0.2029422400896393,0.1858407079646017,0.6979628732439285,0.4444444444444444,0.0180904522613065,1.0,0.5055235491873268,0.761927067835443
324,SC,000000000001348,SC 703,SHEM CREEK,1947,1,4,32.775853,-79.813358,37500,P,0.5,0.72,0.52,0.3261158546948534,0.3008849557522124,0.4792251488938406,0.6666666666666667,0.0060301507537688,1.0,0.5052574368051125,0.7793831284223101
325,WA,0002561B0000000,US 2,S FORK SKYKOMISH RIVER,1940,2,4,47.712094,-121.312689,5782,F,0.4166666666666667,0.7899999999999999,0.42,0.0692387839226178,0.3805309734513274,0.7284005197317621,0.5555555555555556,0.4793969849246231,1.0,0.5052313214012464,0.8041108477347703
326,MS,SA6700000000085,CLARK ROAD,JONES BAYOU,1966,1,22,33.616253,-90.614222,30,P,0.7777777777777778,0.72,0.38,0.0325776603605235,0.2654867256637168,0.5440770206642545,1.0,0.0301507537688442,0.2,0.5051661228017361,0.4668724055309154
327,TX,072000AA0381030,CR 331,WEST FORK BRANCH,1939,1,19,31.813619,-99.982811,10,P,1.0,0.72,0.14,8.480934576374541e-05,0.3849557522123893,0.6003290512886293,0.3333333333333333,0.0180904522613065,0.2,0.5051081505644103,0.4397227823160631
328,OK,237500000000000,N2853 (EISENHOWER),QUAIL CREEK,1960,1,19,36.57555,-97.925714,100,P,1.0,0.72,0.16,0.0210501136596576,0.2920353982300885,0.5879775772895768,0.4444444444444444,0.0150753768844221,0.2,0.5050822999843756,0.3514479504548046
329,WA,085123000000000,MISSION AVENUE,SPOKANE RIVER,1909,1,11,47.671767,-117.387153,19319,F,0.3888888888888889,0.72,0.58,0.1719239831617878,0.5176991150442478,0.7048303352259537,0.4444444444444444,0.0180904522613065,1.0,0.5047943104007088,0.8092344576326309
330,IL,040307800000000,TR-142,WOLF CREEK,1909,1,11,39.111917,-88.190147,25,P,0.6296296296296297,0.72,0.5,0.0325352556876416,0.5176991150442478,0.5295220923676046,0.4444444444444444,0.4793969849246231,0.2,0.5045751251858102,0.7096452402015797
331,HI,003000800400003,KAM HWY,WAHIAWA RSVR(WILSON BR),1984,6,5,21.492297,-158.028578,55700,F,0.3055555555555556,0.93,0.38,0.4885496720656781,0.1858407079646017,0.9488545616829194,0.1111111111111111,0.2757118927973199,1.0,0.5045545332556304,0.8291572552624114
332,FL,460019,US98 SR30,East Bay (ICWW),1965,6,2,30.108361,-85.604869,19800,P,0.4444444444444444,0.93,0.44,0.2123669490566603,0.2699115044247787,0.5139992492555284,0.1111111111111111,0.6532663316582914,1.0,0.5044577535232779,0.793743016183681
333,AK,1127,IRR:NOME-COUNCIL,SAFETY SOUND ESTUARY,1978,5,4,64.4717,-164.746633,160,F,0.3888888888888889,0.8599999999999999,0.4600000000000001,0.0336801818554522,0.2123893805309734,0.9891919311199002,0.1111111111111111,0.6,1.0,0.5043039271284104,0.8422803083150976
334,FL,570091,SR293,Choctawhatchee Bay,1993,6,21,30.452753,-86.419147,22500,F,0.3333333333333333,0.93,0.76,0.2069826441300433,0.1460176991150442,0.5188884370502705,0.4444444444444444,0.1597989949748743,1.0,0.5042343833338351,0.7609883838188465
335,PA,000000000036952,OLD WLM. PENN HWY,WHITEHORN CREEK,1924,1,4,40.397742,-79.480217,20,P,0.6666666666666667,0.72,0.3400000000000001,0.0203716388935477,0.4513274336283185,0.4772248628599209,0.6666666666666667,0.0060301507537688,1.0,0.5041939010758671,0.7763337845521452
336,MN,4260,M 154,N CHANNEL MISS RIVER,1916,2,11,44.059283,-91.633708,40,F,0.5,0.7899999999999999,0.6799999999999999,0.0245816616254792,0.1017699115044247,0.5501983434902554,0.2222222222222222,0.5969849246231156,1.0,0.5041153490042828,0.8287045089441958
337,VT,101314B05613141,BRIDGE STREET,CONNECTICUT RIVER,1930,1,11,43.135314,-72.440125,6100,P,0.9166666666666666,0.72,0.52,0.0678953170775008,0.2300884955752212,0.434953879387125,0.1111111111111111,0.0,0.2,0.5040159914262069,0.4159267359101101
338,OR,01496A029000327,GRAND ISLAND ROAD,LAMBERT SLOUGH,1964,2,5,45.127731,-123.052039,508,F,0.3611111111111111,0.7899999999999999,0.4800000000000001,0.085116395572879,0.2743362831858407,0.738844138238936,0.6666666666666667,0.6,1.0,0.5039407928108768,0.8726994820703278
339,OR,01038A010 03364,OR 82 (HWY 010),WALLOWA R (MINAM),1965,5,2,45.62135,-117.720989,1572,F,0.3888888888888889,0.8599999999999999,0.36,0.1264633422853739,0.2699115044247787,0.7068347942640778,0.6666666666666667,0.6,1.0,0.5038765196529786,0.844657561138443
340,MI,000000000004198,OLD US 141,HEMLOCK RIVER,1924,1,3,46.230292,-88.447892,103,P,0.6666666666666667,0.72,0.58,0.0008735362613665,0.4513274336283185,0.5310696764950842,0.6666666666666667,0.0090452261306532,0.2,0.5037793259450096,0.6699480207677739
341,SD,000000041120105,CHRISTENSEN ROAD,FALSE BOTTOM CK,1970,5,4,44.452217,-103.806719,100,P,0.7777777777777778,0.8599999999999999,0.3400000000000001,0.0170097096192536,0.247787610619469,0.6232890284976618,0.6,0.0090452261306532,0.2,0.5037053406246155,0.4593944289401602
342,HI,003000920400609,NIMITZ HWY,SLIP COVER #3 HON HBR,1952,2,1,21.3099,-157.864375,57600,P,0.3888888888888889,0.7899999999999999,0.36,0.5087038518011938,0.3274336283185841,0.9478686338997052,0.1111111111111111,0.0,1.0,0.5036783891797261,0.7703423095965252
343,WV,00000000033A021,WV 09 F,SLEEPY CREEK,1900,1,11,39.639486,-78.116717,3100,P,0.5555555555555556,0.6,0.52,0.0545737254695893,0.5575221238938053,0.4690379690004149,0.6666666666666667,0.1055276381909547,1.0,0.5036119859681509,0.912418729341915
344,OR,08381N001 04561,I-5 (HWY 001) NB,ROGUE RIVER (HOMESTEAD),1961,2,5,42.415458,-123.126642,19847,F,0.3611111111111111,0.7899999999999999,0.4800000000000001,0.220846361062558,0.2876106194690265,0.7392920787175579,0.6666666666666667,0.2931323283082077,1.0,0.5035426334514358,0.8281226245268497
345,CA,12C0022,OROVILLE GRIDLEY H,FEATHER RIVER,1965,2,5,39.366019,-121.645317,5200,F,0.4444444444444444,0.7899999999999999,0.52,0.0643028799991678,0.2699115044247787,0.7303977255481903,0.6666666666666667,0.1206030150753768,1.0,0.5034358061954269,0.786191552054434
346,IA,000000000003980,SW 7TH ST,RACCOON R & TRAIL,1915,2,11,41.573258,-93.621289,7253,F,0.4444444444444444,0.7899999999999999,0.6799999999999999,0.0615122184824445,0.2566371681415929,0.5621324209997316,0.6666666666666667,0.0090452261306532,1.0,0.503424886513354,0.7239323737445483
347,MD,100000150009010,US 29,NORTHWEST BRANCH,1920,1,11,39.029969,-77.005964,67927,F,0.4444444444444444,0.72,0.5,0.6084076752926257,0.2876106194690265,0.4623686496640542,0.4444444444444444,0.0241206030150753,1.0,0.5033780579266578,0.7736961278004597
348,IN,7700143,CR 600 E,SULPHUR CREEK,1925,1,11,39.167758,-87.296908,140,P,0.5555555555555556,0.72,0.5,0.0052277348810964,0.4469026548672566,0.5241587972563679,0.6666666666666667,0.0090452261306532,1.0,0.503303402229227,0.7948112463731002
349,TX,010750017403007,SH 34,N SULPHUR RIVER RELIEF,1934,1,19,33.456233,-95.941928,868,F,1.0,0.72,0.24,0.0518058956567375,0.2920353982300885,0.5760662861843521,0.1111111111111111,0.0331658291457286,0.2,0.5032046050199597,0.2538379621224086
350,FL,904320,Watson Road,Bogie Channel,1967,5,2,24.697939,-81.347778,1300,F,0.4444444444444444,0.8599999999999999,0.44,0.0877928917169636,0.2610619469026549,0.4884383015714374,0.6666666666666667,0.6,1.0,0.5031737584635501,0.8507703089655811
351,TN,15I00400022,I40,PIGEON RIVER,1966,6,2,35.891794,-83.186075,29828,P,0.4722222222222222,0.93,0.3399999999999999,0.277211740786524,0.2654867256637168,0.4994760297865077,0.6666666666666667,0.1393634840871021,1.0,0.5030745127169188,0.797977396627549
352,TN,79I00400084,I40-LL,I-40 W.B. / WOLF RIVER,1976,6,2,35.190292,-89.941381,101149,F,0.3611111111111111,0.93,0.44,0.6323232323232323,0.2212389380530973,0.5400370662445083,0.2222222222222222,0.1363484087102177,1.0,0.5030662329864837,0.8069500862284528
353,WV,092102000001009,FR 101,WILLIAMS RIVER,1980,5,2,38.378675,-80.480017,50,P,0.6666666666666667,0.8599999999999999,0.32,0.0246664709712429,0.2035398230088495,0.483227984591299,0.6666666666666667,0.0964824120603015,1.0,0.5029675484601542,0.7536083329611085
354,PA,000000000022020,RADCLIFFE RD T-476,PEQUEA CREEK,1983,1,19,39.935589,-76.271503,120,P,1.0,0.6,0.28,0.0010177121491649,0.1902654867256637,0.4579587088859488,0.1111111111111111,0.0090452261306532,1.0,0.5029320076381659,0.5855090285204021
355,IN,026790,US 136,WABASH RIVER,1978,6,21,40.140386,-87.406675,8526,F,0.4444444444444444,0.93,0.6799999999999999,0.1005912764809976,0.1504424778761062,0.5248178737347519,0.4444444444444444,0.0090452261306532,1.0,0.5028707574490515,0.7176801357962549
356,WV,092103000001013,FR 1678,N. FORK DEER CREEK,1985,5,5,38.416914,-79.767139,20,P,0.6111111111111112,0.8599999999999999,0.3400000000000001,0.0244120429339517,0.1814159292035398,0.4789476351077809,0.5555555555555556,0.4763819095477387,1.0,0.5028522117574697,0.7932216116341033
357,MT,P00035012+02581,S 135,CLARK FORK RIVER,1962,2,6,47.322292,-114.892778,2023,F,0.3611111111111111,0.7899999999999999,0.6000000000000001,0.0454397589308339,0.2831858407079646,0.6898533030508125,0.4444444444444444,0.6,1.0,0.5028478902689612,0.7888029636636684
358,FL,874544,Rickenbacker Cswy.,Biscayne Bay/Bear Cut,1944,5,2,25.728322,-80.156453,30804,P,0.4444444444444444,0.8599999999999999,0.44,0.2733679208118535,0.1902654867256637,0.4812852019548801,0.4444444444444444,0.6,1.0,0.5028251942825731,0.8075964498020447
359,OR,02202 009 07753,US101 (Hwy 9),West Beaver Creek,1914,1,11,45.405411,-123.818608,5017,F,0.3888888888888889,0.72,0.5,0.139518545739368,0.3849557522123893,0.7434468658069505,0.5555555555555556,0.3601340033500837,1.0,0.502798816543375,0.8369413034389497
360,LA,082200090212551,US0071,BAYOU RIGOLETTE,1950,1,4,31.527911,-92.6692,1931,P,0.6111111111111112,0.72,0.4600000000000001,0.0769827452730398,0.3362831858407079,0.5564157715037263,0.4444444444444444,0.0693467336683417,1.0,0.5024355069451645,0.6530489084760449
361,PA,000000000009841,T942 L COLEVLLE RD,BUFFALO RUN,1965,5,5,40.904753,-77.795828,500,P,0.8611111111111112,0.8599999999999999,0.3400000000000001,0.0082808713285913,0.2699115044247787,0.46711124792694,0.4444444444444444,0.0060301507537688,0.2,0.5023318699057194,0.3937536025602555
362,OR,07949B009 00028,US101 (HWY 9),Columbia River,1966,5,2,46.190881,-123.849572,9117,P,0.4444444444444444,0.8599999999999999,0.44,0.0975227007348269,0.2654867256637168,0.7436327836518098,0.4444444444444444,0.2666666666666666,1.0,0.502330887671702,0.7382594195785034
363,CA,27 0010,U.S. HIGHWAY 101,SR 1  RICH BY  FRNTGE RD,1957,6,2,37.882256,-122.516478,133000,G,0.2222222222222223,0.93,0.44,0.6080808080808081,0.2345132743362832,0.7356284572251548,0.4444444444444444,0.2147403685092127,1.0,0.501837050167463,0.8589495824067099
364,OR,00624A002 18260,US 730 (HWY 2),UMATILLA RIVER(UMATILLA),1925,1,11,45.915772,-119.351833,8349,F,0.4166666666666667,0.72,0.66,0.1192921712629995,0.3362831858407079,0.7166269077436613,0.4444444444444444,0.0241206030150753,1.0,0.5018151455243796,0.6940288236061596
365,OR,08241S001 21697,I-5 (Hwy 1) SB,Courtney Creek,1959,2,4,44.394564,-123.061497,21606,F,0.4166666666666667,0.7899999999999999,0.38,0.2842491734672493,0.2964601769911504,0.7389009271220481,0.6666666666666667,0.1363484087102177,1.0,0.5017784481935557,0.7746557496666265
366,OR,08241N001 21697,I-5 (Hwy 1) NB,Courtney Creek,1959,2,4,44.394453,-123.061111,21606,F,0.4166666666666667,0.7899999999999999,0.38,0.2842491734672493,0.2964601769911504,0.738898609453526,0.6666666666666667,0.1363484087102177,1.0,0.5017782164267035,0.7746557496666265
367,CA,35C0111,PILARCITOS CREEK R,PILARCITOS CREEK,1910,1,11,37.498667,-122.384997,42,P,0.6296296296296297,0.6,0.5,0.0892450881410966,0.5132743362831859,0.7348390028859235,0.1111111111111111,0.6,0.2,0.5016988056939836,0.7855889887421471
368,HI,009003600500858,HANA HWY,KAAIEA STRM,1928,1,4,20.875325,-156.189339,1800,P,0.4722222222222222,0.72,0.3400000000000001,0.0193060862778782,0.4336283185840708,0.9378111773959636,0.1111111111111111,0.6,1.0,0.5016856693369024,0.9029115062461917
369,CA,55 0614,STATE ROUTE 1,N ARM NEWPORT BAY,1981,6,5,33.616714,-117.905728,51000,F,0.3333333333333333,0.93,0.4800000000000001,0.4325276633951016,0.1991150442477876,0.7079440268161212,0.4444444444444444,0.0090452261306532,1.0,0.5014664903079893,0.7566495540121665
370,CA,39C0001,HILLS FERRY ROAD,SAN JOAQUIN RIVER,1961,2,4,37.348947,-120.976311,4660,F,0.3888888888888889,0.7899999999999999,0.52,0.1890161046208548,0.2876106194690265,0.7263807977055994,0.6666666666666667,0.0814070351758794,1.0,0.5014266594938975,0.7903275010384722
371,LA,022604501503912,I0010,VET MEM HWY,1967,5,2,30.005311,-90.208825,41695,P,0.4722222222222222,0.8599999999999999,0.44,0.4546226681720375,0.2610619469026549,0.5416428862968455,0.1111111111111111,0.1393634840871021,1.0,0.5013120354526199,0.6975962637018132
372,MO,20206,PINE RD,BLACKBERRY CR,1930,1,1,37.288939,-94.561978,20,P,0.7222222222222222,0.72,0.36,0.0405736590955679,0.4247787610619469,0.5677806212181435,0.8888888888888888,0.0180904522613065,0.2,0.5012178267506312,0.5772238325578579
373,MO,13015,OLD HWY 71,SHOAL CR,1920,1,4,36.976322,-94.430983,400,P,0.6666666666666667,0.72,0.52,0.0437964142345902,0.4690265486725664,0.5669940849796941,0.5555555555555556,0.0542713567839195,0.2,0.5011397170723255,0.5976855564254899
374,OK,013100000000000,N3740,LEADER CREEK,1923,1,11,34.938969,-96.353783,100,P,0.6666666666666667,0.72,0.5,0.0412521338616778,0.4557522123893805,0.5785391964670854,0.6666666666666667,0.0090452261306532,0.2,0.501006615578347,0.6218562480358616
375,NJ,M103530,TURNPIKE NSI/SNI,BOUND CREEK,1951,2,4,40.689692,-74.162483,117547,F,0.4166666666666667,0.7899999999999999,0.4800000000000001,0.604040404040404,0.331858407079646,0.4452954724447495,0.2222222222222222,0.1393634840871021,1.0,0.5008653803386128,0.8534741135190695
376,OH,4236580,COOKE ROAD,TRIB. N. BR. KOKOSING,1896,1,11,40.512261,-82.614764,40,P,0.75,0.6,0.5,0.0245816616254792,0.5752212389380531,0.4960456942399229,0.5555555555555556,0.0180904522613065,0.2,0.5007671598711886,0.7057739917762688
377,OR,08376 001 04907,I-5 (HWY 001),EVANS CREEK,1961,2,4,42.432078,-123.071489,37706,F,0.3333333333333333,0.7899999999999999,0.42,0.372307371662031,0.2876106194690265,0.7389609223134262,0.6666666666666667,0.2539363484087102,1.0,0.5007513754315506,0.8079924870319897
378,WA,0012042A0000000,I-182,COLUMBIA R  CITY STREETS,1984,6,21,46.263125,-119.244703,36943,F,0.3333333333333333,0.72,0.7,0.3375535902974289,0.1858407079646017,0.7159836646639628,0.4444444444444444,0.1634840871021775,1.0,0.5006675562032639,0.7394153611437189
379,WA,0012042B0000000,I-182,COLUMBIA RIVER,1984,6,21,46.265775,-119.240856,36943,F,0.3333333333333333,0.72,0.7,0.3375535902974289,0.1858407079646017,0.7159605660349364,0.4444444444444444,0.1634840871021775,1.0,0.5006652463403612,0.7394153611437189
380,OR,01481 009 02410,US101 (Hwy 9),Necanicum River,1930,2,4,46.134061,-123.928222,14464,F,0.3611111111111111,0.7899999999999999,0.38,0.1347894498338935,0.4247787610619469,0.7441050236239772,0.6666666666666667,0.4234505862646566,1.0,0.5006509638763257,0.865767257619696
381,OR,03639A026 06823,Hwy 026 (OR 35),Hood River,1964,2,4,45.339533,-121.570947,1837,F,0.4166666666666667,0.7899999999999999,0.38,0.0721451333824566,0.2743362831858407,0.7299511840767334,0.6666666666666667,0.6,1.0,0.5006432600645032,0.8384494472607933
382,WA,085665000000000,WOODIN AVE,CHELAN RIVER,1927,1,3,47.839947,-120.020325,3024,F,0.3611111111111111,0.72,0.74,0.0296867501993606,0.4380530973451327,0.7206407493644379,0.4444444444444444,0.0060301507537688,1.0,0.5006395672285816,0.7464382459100876
383,CA,32C0076,PARROTTS FERRY RD,NEW MELONES RESERVOIR,1978,6,21,38.039289,-120.455586,2500,P,0.4444444444444444,0.93,0.62,0.0333235485621484,0.2123893805309734,0.7232541968218508,0.1111111111111111,0.0904522613065326,1.0,0.5005859923234905,0.7456612394924886
384,MI,000000000012049,ROTUNDA DRIVE,ROUGE RIVER (RE-LOCATED),1964,5,2,42.301161,-83.199125,30846,P,0.5555555555555556,0.8599999999999999,0.36,0.2818049281448693,0.2743362831858407,0.4995543861963841,0.4444444444444444,0.0180904522613065,1.0,0.5005851934768858,0.665511267399037
385,OR,00332A271 00009,OR 99 (HWY 271),ROGUE RIVER-ROCKY POINT,1919,1,11,42.432358,-123.090458,2842,F,0.4166666666666667,0.72,0.6799999999999999,0.0685472605105009,0.4734513274336283,0.7390748183087479,0.1111111111111111,0.0542713567839195,1.0,0.5005431306867059,0.7584921725708771
386,CA,57C0015,NORTH HARBOR DR,NAVY ESTUARY,1981,6,2,32.728097,-117.215167,26000,F,0.4444444444444444,0.93,0.42,0.2245447030261421,0.1991150442477876,0.7037976757999758,0.4444444444444444,0.0391959798994974,1.0,0.5005388746356988,0.7278409186793915
387,OR,09906 009 12016,US101 (HWY 9),Siletz River,1973,6,5,44.898889,-124.007508,12924,F,0.3333333333333333,0.93,0.44,0.1257692146266807,0.2345132743362832,0.7445810823453155,0.5555555555555556,0.4686767169179229,1.0,0.5005313040878352,0.8336931430119743
388,CA,01 0028,U.S. HIGHWAY 101,KLAMATH RIVER,1965,2,5,41.518447,-124.031356,3600,F,0.3333333333333333,0.7899999999999999,0.52,0.103258637202221,0.2699115044247787,0.7447242734305825,0.4444444444444444,0.7333333333333333,1.0,0.5005116637279804,0.8202806299593013
389,IA,000000000228300,K60(INDIAN AVE),LITTLE ROCK RIVER,1960,5,2,43.325094,-96.09705,230,P,1.0,0.6499999999999999,0.3,0.0827586957606469,0.0619469026548672,0.5769976887140729,0.4444444444444444,0.0723618090452261,0.2,0.5005106413874422,0.3809562630332133
390,CA,29 0002R,STATE ROUTE 99 NB,MOKELUMNE RI FRONTAGE R,1930,2,4,38.149325,-121.261181,29500,P,0.4444444444444444,0.7899999999999999,0.52,0.3027128225283015,0.1725663716814159,0.7280912490834925,0.4444444444444444,0.0060301507537688,1.0,0.5004718852003427,0.7220496661561053
391,WA,079847000000000,GALVIN RD.,CHEHALIS RIVER,1969,2,6,46.735842,-123.019994,1941,F,0.3888888888888889,0.7899999999999999,0.62,0.0689867465379955,0.252212389380531,0.7386517297213505,0.6666666666666667,0.0482412060301507,1.0,0.5004527024210509,0.7604944915447283
392,WA,0007651B0000000,US 2,EBEY SLOUGH AND SR 204,1968,2,5,47.977983,-122.144228,39593,F,0.3888888888888889,0.7899999999999999,0.52,0.3519472588440134,0.2566371681415929,0.733393348138832,0.4444444444444444,0.0060301507537688,1.0,0.5004437294945767,0.7136539589048073
393,OR,00921 02W 07725,US 30 (HWY 92),Gnat Creek,1929,2,4,46.16985,-123.487261,6811,F,0.3611111111111111,0.7899999999999999,0.4000000000000001,0.1304909181269597,0.4292035398230088,0.7414573515277677,0.6666666666666667,0.3631490787269681,1.0,0.5003837459952332,0.8527236606625519
394,LA,035729578923281,Scanlan Rd,GUEYDAN CANAL,1979,5,22,29.962144,-92.547025,20,P,0.6666666666666667,0.8599999999999999,0.3,0.0244120429339517,0.2079646017699115,0.5556821933905726,0.6,0.0180904522613065,1.0,0.5003770730891756,0.6695876316669942
395,TX,150150001710340,IH 35 NB UP LEVEL,S LAREDO ST TO GUADALUPE,1993,6,21,29.417219,-98.502175,173066,F,0.3611111111111111,0.93,0.76,0.6363636363636364,0.1460176991150442,0.5914388350975304,0.05,0.1333333333333333,0.2,0.5003264615020655,0.6852903674348343
396,CA,29 0037,INTERSTATE 205,DELTA-MENDOTA CANAL,1953,2,4,37.74335,-121.553317,106000,F,0.4444444444444444,0.7899999999999999,0.38,0.6484848484848484,0.1238938053097345,0.7298453278693677,0.1111111111111111,0.1574539363484087,1.0,0.5002617616504822,0.8108985856973383
397,MA,C190212DTDOTNBI,ST  2 CONCORD TPK,WATER SUDBURY RIVER,1934,1,11,42.451742,-71.371717,46700,P,0.5185185185185186,0.6,0.5,0.4364636851207315,0.4070796460176991,0.4285388130910876,0.5555555555555556,0.0090452261306532,1.0,0.5000678831368919,0.8788377215800678
398,MA,B120062BBMUNNBI,HWY   FAULKNER ST,WATER CONCORD RIVER,1850,1,11,42.591872,-71.284039,13000,F,0.4074074074074074,0.72,0.52,0.1344945737352932,0.7787610619469026,0.4280123660945246,0.5555555555555556,0.0060301507537688,1.0,0.5000579373449902,0.7956983801828212
399,PA,000000000014585,SR 4006,ARMSTRONG CREEK,1920,1,11,40.497083,-76.873147,312,P,0.8148148148148149,0.6,0.5,0.0430500919918692,0.4690265486725664,0.4615711735498349,0.4444444444444444,0.0331658291457286,0.2,0.4999489988046394,0.6323209412124725
400,OR,470608000,CHURCH ST SE,PRINGLE CREEK/SHELTON,1929,2,4,44.934589,-123.037869,4371,F,0.4444444444444444,0.7899999999999999,0.4600000000000001,0.0451509731141412,0.4292035398230088,0.7387590569877522,0.6,0.0,1.0,0.4999224681036013,0.8074939363849691
401,OR,03111A102 03206,OR 202 (Hwy 102),Nehalem River,1953,2,3,45.951139,-123.460661,406,F,0.3611111111111111,0.7899999999999999,0.6599999999999999,0.0640493200440686,0.3230088495575221,0.7412976365467169,0.4444444444444444,0.1417085427135678,1.0,0.4999210077505092,0.7298203173572436
402,CA,57 0488,INTERSTATE 5,SAN DIEGUITO RIVER,1964,2,4,32.973058,-117.250361,244000,F,0.3055555555555556,0.7899999999999999,0.52,0.6323232323232323,0.1415929203539823,0.7040089919294158,0.4444444444444444,0.1393634840871021,1.0,0.4998717997761292,0.8088535164352472
403,SD,000000010114395,GAVER ROAD,REDWATER RV,1920,1,19,44.641014,-103.822008,47,P,1.0,0.72,0.1,0.0084794120058976,0.4690265486725664,0.6233808285858304,0.1111111111111111,0.0241206030150753,0.2,0.4998502646327388,0.454099271777736
404,OR,07425 009 06267,US101 (HWY 9),Stasek Slough,1952,1,2,45.498781,-123.853775,13357,F,0.3888888888888889,0.72,0.42,0.1294414592982509,0.3274336283185841,0.7436580198196804,0.6,0.6314907872696818,1.0,0.4998500723293579,0.859443810514184
405,FL,560059,CR 368,Ochlockonee River,1984,5,1,30.176708,-84.6689,250,P,0.6111111111111112,0.8599999999999999,0.36,0.0102010417249017,0.1858407079646017,0.508379389439769,0.6666666666666667,0.2050251256281406,1.0,0.4998044813054454,0.764792349665671
406,MI,000000000003034,CROZER STREET,MIDDLE BR ONTONAGON RIV,1919,1,3,46.774833,-89.177917,395,P,0.6388888888888888,0.72,0.58,0.0033499691576679,0.4734513274336283,0.5354529820981542,0.6666666666666667,0.0090452261306532,0.2,0.4997332447310331,0.6704219503711061
407,OR,09C01 000 00000,C STREET WEST,NICE CREEK,1911,2,4,46.0896,-122.9433,732,P,0.5833333333333334,0.7899999999999999,0.44,0.0466120845139465,0.5088495575221239,0.7381912342041808,0.6,0.0,0.2,0.4996986209573585,0.7134202419161837
408,AK,0342,COPPER RIVER HWY,COPPER DELTA,1977,5,4,60.521736,-144.839736,94,P,0.3888888888888889,0.8599999999999999,0.52,0.0048376118905832,0.1681415929203539,0.8696644996485998,0.2222222222222222,0.6,1.0,0.4995977037792871,0.8752894489016203
409,SC,000000000000580,SC 49,FAIRFOREST CREEK,1931,1,4,34.681967,-81.686278,3200,P,0.5833333333333334,0.72,0.52,0.0715834350888429,0.2743362831858407,0.4904707647701487,0.6666666666666667,0.0150753768844221,1.0,0.4995594838153711,0.7247506739540708
410,TN,050A8680001,NFA A868,NINE MILE CREEK,1930,1,4,35.606483,-84.173019,40,P,0.6944444444444444,0.72,0.3600000000000001,0.008420045463863,0.4247787610619469,0.5054019599465929,0.6,0.6,0.2,0.4994711877583514,0.7412880165000899
411,MO,25485,HILLCREST RD,CREEK,1906,2,11,38.988942,-94.519386,504,P,0.6666666666666667,0.7899999999999999,0.52,0.1012440879961897,0.5309734513274336,0.5675248851101391,0.1111111111111111,0.0150753768844221,0.2,0.4994502335098196,0.5503539410979592
412,OK,064390000000000,IRR FAS 5755,CREEK,1938,2,1,36.477728,-96.407047,75,P,0.6944444444444444,0.7899999999999999,0.22,0.0410401104972685,0.3893805309734513,0.5788590107058332,0.6666666666666667,0.6,0.2,0.4993724096620998,0.7263924471195546
413,NH,026200620005200,BRIDGE STREET,CONNECTICUT RIVER,1930,1,11,43.13535,-72.440783,0,P,0.9166666666666666,0.72,0.52,0.0161616161616161,0.2300884955752212,0.4349578302313931,0.1111111111111111,0.0060301507537688,0.2,0.4991445239567337,0.4096884895826185
414,TN,68SR0500001,FAS 438,BUFFALO RIVER,1975,6,6,35.708228,-87.796958,1134,F,0.3611111111111111,0.93,0.68,0.0500214202136491,0.2256637168141592,0.5271612587704464,0.4444444444444444,0.2954773869346733,1.0,0.4990585089265592,0.754584068918395
415,TX,150150007212205,IH 10 EB ELEV ML,W MAGNOLIA TO N FRIO ST,1993,6,21,29.453422,-98.515558,193223,F,0.3611111111111111,0.93,0.76,0.6202020202020202,0.1460176991150442,0.5915191909468313,0.05,0.1393634840871021,0.2,0.4990198430085224,0.6676819357169179
416,SC,000000000008235,I-526 EB,WANDO RIV & LOCAL ROADS,1989,6,21,32.861733,-79.898739,35900,F,0.3333333333333333,0.93,0.76,0.3529503997766945,0.163716814159292,0.4797378039614011,0.1111111111111111,0.1393634840871021,1.0,0.4989975648829827,0.7532122985410057
417,FL,150189,I-275 (SR 93),TAMPA BAY,1986,6,14,27.592586,-82.630269,65215,G,0.25,0.72,0.76,0.5813669766810939,0.1769911504424778,0.4961387912617723,0.4444444444444444,0.3323283082077052,1.0,0.4987883294711418,0.846521625626963
418,LA,022900650100101,Avenue E,DRESSER CANAL,1952,1,4,29.568992,-90.385147,0,P,0.9166666666666666,0.72,0.38,0.0161616161616161,0.3274336283185841,0.5427015804655992,0.1111111111111111,0.0060301507537688,0.2,0.4986534122544906,0.3218361861397719
419,NY,000000002270690,FLUSHING MDOW PK,TIDE GATE DAM,1963,1,7,40.752706,-73.839978,5718,P,0.5555555555555556,0.72,0.66,0.0808172162309419,0.2787610619469026,0.4433590483859597,0.4444444444444444,0.0030150753768844,1.0,0.4985555975363357,0.7094395999137502
420,MO,23765,COUNTY RD E-552,LIT POMME DE TERRE,1900,2,1,37.442325,-93.230503,40,P,0.7777777777777778,0.7899999999999999,0.24,0.0407432777870954,0.5575221238938053,0.5597860157897713,0.4444444444444444,0.0301507537688442,0.2,0.498479346102176,0.5454839495303628
421,IA,000000000313850,325TH ST,SMALL STREAM,1905,1,19,41.884867,-93.382047,34,P,1.0,0.6,0.1,0.0002883517755967,0.4690265486725664,0.5606959348532439,0.6,0.0090452261306532,0.2,0.4984533448366733,0.6318485114653658
422,LA,071000240102601,US0171,ENGLISH BAYOU,1969,5,2,30.271408,-93.182033,32659,F,0.4444444444444444,0.8599999999999999,0.44,0.3456657110166848,0.252212389380531,0.5594949862735481,0.2222222222222222,0.3088777219430486,1.0,0.4984034169864511,0.7586598905877133
423,AK,0797,SOUTH TONGASS HWY,WATER ST VIADUCT,1955,5,4,55.343889,-131.651111,14046,P,0.4444444444444444,0.8599999999999999,0.52,0.139325227261777,0.3141592920353982,0.7904757405522838,0.1111111111111111,0.0060301507537688,1.0,0.4983642001893009,0.7112106400886143
424,HI,009003600904464,HANA HWY,HONOLEWA STRM,1911,1,4,20.683417,-156.029936,450,P,0.5833333333333334,0.72,0.3600000000000001,0.0038164205593685,0.5088495575221239,0.93685407036121,0.1111111111111111,0.6,0.2,0.4983408937331591,0.8073797576012158
425,LA,040801210100511,LA0527,FLAT RIVER,1981,1,1,32.388728,-93.588272,1951,P,0.6666666666666667,0.72,0.36,0.0933139801261835,0.1991150442477876,0.5619341762805828,0.6666666666666667,0.0180904522613065,1.0,0.4983408426785207,0.6927876756886321
426,IL,097303500000000,TR-15,CREEK,1958,1,22,38.241456,-88.091319,20,P,1.0,0.72,0.26,0.0203716388935477,0.3008849557522124,0.5289286971740973,0.1111111111111111,0.0150753768844221,0.2,0.4983278535817624,0.2540770135880099
427,WA,0011964A0000000,SR 104 WESTHALF,HOOD CANAL,1982,5,0,47.866414,-122.635942,18159,P,0.5555555555555556,0.6499999999999999,0.42,0.1822881192552136,0.0752212389380531,0.736345757619751,0.1111111111111111,0.8793969849246231,1.0,0.4982998052719773,0.8381141254522813
428,LA,625304529000001,I0055,PASS MANCHAC,1977,5,2,30.289442,-90.402753,39850,F,0.2777777777777778,0.8599999999999999,0.44,0.4389753438786264,0.2168141592920354,0.5428072925692227,0.6666666666666667,0.6127303182579564,1.0,0.498273973264664,0.8719314836619146
429,PA,000000000035680,SR 3011 UBAN ROAD,WEST BR WALLENPAUPACK CR,1958,5,5,41.364192,-75.373872,357,P,0.6111111111111112,0.8599999999999999,0.3400000000000001,0.0555529461690182,0.3008849557522124,0.452569042789871,0.6666666666666667,0.0241206030150753,1.0,0.498217835732975,0.7296623221861078
430,CA,53C0139,COLLEGE PARK DR,SAN GABRIEL RIV,1964,2,4,33.774781,-118.097308,2958,P,0.4166666666666667,0.7899999999999999,0.4800000000000001,0.0291270085173199,0.2743362831858407,0.7090943349390433,0.4444444444444444,0.6,1.0,0.4981446515531093,0.7767432217713608
431,HI,003074001400545,KAL HWY,KUAPA PD-MAUNALUA,1936,2,1,21.28555,-157.718792,54100,F,0.3611111111111111,0.7899999999999999,0.36,0.4709397727030748,0.243362831858407,0.9469945066032268,0.1111111111111111,0.2726968174204355,1.0,0.498097885320826,0.7809211800740353
432,TN,67005810001,FAS 136,MILL CREEK (PARK LAKE),1934,1,6,36.470611,-85.417975,346,F,0.4444444444444444,0.72,0.72,0.0190960195250417,0.4070796460176991,0.5128770773882909,0.4444444444444444,0.0964824120603015,1.0,0.4980627282294515,0.7202854991857239
433,MA,B160064F3DOTNBI,HWY   CAMBRIDGE ST,WATER CHARLES RIVER,1925,1,11,42.361242,-71.116753,33400,P,0.5185185185185186,0.6,0.54,0.319626851214546,0.4469026548672566,0.4270079269847472,0.5555555555555556,0.0060301507537688,1.0,0.4980626582517508,0.8924722047247264
434,CA,24C0504,FOLSOM -AUBURN BL,AMERICAN RIVER LK NATOMA,1999,6,6,38.677944,-121.180608,25000,F,0.2777777777777778,0.93,0.72,0.2403061926921918,0.1194690265486725,0.7276074627989735,0.4444444444444444,0.0030150753768844,1.0,0.4980556886394946,0.7667468327039413
435,HI,003000830301970,KAM HWY,KOLOA STRM-LAIEMALOO,1933,2,1,21.632714,-157.921275,10200,F,0.3888888888888889,0.7899999999999999,0.26,0.1067075528810405,0.411504424778761,0.9482102798554118,0.6666666666666667,0.2666666666666666,1.0,0.4980311146404101,0.861843252003525
436,CA,55C0014,MARINE AVENUE,BALBOA ISLAND CHANNEL,1930,2,4,33.608933,-117.889814,12000,F,0.3888888888888889,0.7899999999999999,0.52,0.1138924270377066,0.1991150442477876,0.7078484740263301,0.4444444444444444,0.6,1.0,0.4980300389756268,0.7934906144921016
437,PA,000000000005924,CO RD 101 Bedfrd S,SOUTH DRY RUN,1913,1,11,40.357317,-78.428486,1634,P,0.7407407407407407,0.6,0.5,0.0178982511382,0.5,0.4709099306518152,0.7777777777777778,0.0,0.2,0.4979548922530756,0.752334253562619
438,VA,000000000019870,Big Bethel Road,Big Bethel Reservoir,1931,5,6,37.092172,-76.425531,7813,F,0.4444444444444444,0.8599999999999999,0.56,0.0662615418452143,0.4203539823008849,0.4588835426867498,0.5555555555555556,0.0301507537688442,1.0,0.497946333260616,0.7628282074480739
439,OR,15C31 510 00017,COUNTY RD 510,EUCHRE CREEK,1927,2,4,42.560633,-124.382831,225,P,0.4722222222222222,0.7899999999999999,0.38,0.0423122506837246,0.4380530973451327,0.7468346427149755,0.6,0.0331658291457286,1.0,0.4979338460872252,0.7795111229541603
440,MI,000000000012251,HARBIN DRIVE,SILVER CREEK,1930,1,11,42.042931,-83.214161,250,P,0.4722222222222222,0.72,0.5,0.0061606376844976,0.4247787610619469,0.4996446671909361,0.6,0.4763819095477387,1.0,0.4979330576266805,0.8509021517280694
441,FL,874481,Venetian Causeway,Biscayne Bay,1927,2,4,25.791614,-80.144939,8323,P,0.5277777777777778,0.7899999999999999,0.5000000000000001,0.0786676265599733,0.4380530973451327,0.4812160681845109,0.4444444444444444,0.0090452261306532,1.0,0.497912607182161,0.7241191609479927
442,GA,000000012100330,ROSWELL ROAD,CHATTAHOOCHEE RIVER,1928,1,11,34.003722,-84.350461,30900,F,0.4166666666666667,0.72,0.66,0.2661012824503774,0.2699115044247787,0.5064673789566542,0.6,0.0482412060301507,1.0,0.4978267435513552,0.7339405054569194
443,CA,29C0486,S WAGNER ROAD,TEMPLE CREEK,1920,2,7,37.870722,-121.091017,100,F,0.4444444444444444,0.7899999999999999,0.54,0.0089289015384455,0.4026548672566372,0.7270695295332843,0.6666666666666667,0.6,0.2,0.4978097742772811,0.8067526119229623
444,AR,000000000013734,BOWEN BR. C.R. 244,LITTLE MO RIVER,1944,1,22,33.954497,-93.488297,9,P,0.6666666666666667,0.72,0.36,0.0041167324515914,0.2256637168141592,0.561333894129058,1.0,0.6,0.2,0.4977781010061475,0.6888237488686215
445,TX,121020325603075,BELTWAY 8,HOUSTON SHIP CHANNEL,1980,6,21,29.734369,-95.146358,65551,F,0.3055555555555556,0.93,0.76,0.6124993989815842,0.2035398230088495,0.571289427256734,0.3333333333333333,0.0482412060301507,0.2,0.4977004807817799,0.6790902120294404
446,PR,011331,OFF PR 200 0.7 KM,CREEK,1930,2,4,18.120753,-65.433039,10300,P,0.6388888888888888,0.7899999999999999,0.3600000000000001,0.1035152422982739,0.4247787610619469,0.3928810745859293,0.6666666666666667,0.6,0.2,0.4976730633501706,0.8272117352086432
447,IN,4100021,CR 550E (OLD US 31,SUGAR CREEK,1925,1,11,39.399892,-85.999692,324,P,0.5555555555555556,0.72,0.54,0.0108286308835534,0.4469026548672566,0.5163698939158085,0.4444444444444444,0.0030150753768844,1.0,0.4976719828466172,0.7466389768032161
448,IA,000000000244550,140TH ST,MINERVA CREEK,1912,1,11,42.151039,-93.165511,62,P,0.6666666666666667,0.72,0.5,0.0005258179437352,0.504424778761062,0.5593957828556186,0.6,0.0301507537688442,0.2,0.4976088423111505,0.6393660268779501
449,GA,000000012700620,SR 25SE TORRAS CAU,MACKAY RIVER,1986,5,2,31.171042,-81.423303,32400,P,0.4166666666666667,0.8599999999999999,0.44,0.2788226843149392,0.1769911504424778,0.4888917780354926,0.6,0.4793969849246231,1.0,0.4976070771921888,0.8154675664565427
450,NC,000000001870015,NC32 NC37 NC94,ALBEMARLE SOUND,1990,6,21,35.960406,-76.489922,3500,P,0.4444444444444444,0.93,0.76,0.0579660993001391,0.1592920353982301,0.4592701670230222,0.1111111111111111,0.192964824120603,1.0,0.4974677380448359,0.7342242144271169
451,OR,00447 006F23945,I-84 FRONTAGE RD,UPRR AND MEACHAM CRK,1925,2,4,45.503647,-118.422011,115,P,0.5,0.7899999999999999,0.4800000000000001,0.1464298529308285,0.4469026548672566,0.7110439564988988,0.6666666666666667,0.1628140703517588,0.2,0.4974116832806197,0.7434160837555888
452,AL,015430,US 90/COCHRANE BR,MOBILE RIVER,1991,6,14,30.690992,-88.037461,19190,F,0.3333333333333333,0.93,0.76,0.2071935789650719,0.1548672566371681,0.5286053163677275,0.1111111111111111,0.3165829145728643,1.0,0.4972846498145288,0.7712198032700862
453,TX,010750017403009,SH 34,N SULPHUR RIVER RELIEF,1934,1,19,33.457944,-95.941986,868,F,1.0,0.72,0.2,0.0518058956567375,0.2920353982300885,0.5760666344350627,0.1111111111111111,0.0331658291457286,0.2,0.4972046398450308,0.2475616153807898
454,AK,1755,MARINE HWY ROUTE,COLD BAY DOCK,1980,5,1,55.207342,-162.695917,10,P,0.5,0.6499999999999999,0.36,0.0041252133861677,0.2035398230088495,0.976878770703332,0.4444444444444444,0.6,1.0,0.4971766029320572,0.8742863178742639
455,CA,28C0121,BYRON HWY,CALIFORNIA AQUEDUCT,1964,2,4,37.824103,-121.597606,8387,P,0.5555555555555556,0.7899999999999999,0.42,0.1196144467769017,0.2743362831858407,0.7301112533128173,0.1111111111111111,0.1748743718592964,1.0,0.4970943613649652,0.6604002557032653
456,OR,19C494 20A  200,COUNTY RD 20A,COW CREEK,1956,2,5,42.942808,-123.336658,857,P,0.5,0.7899999999999999,0.44,0.0355509892147812,0.3097345132743362,0.7405530825318578,0.5555555555555556,0.0241206030150753,1.0,0.4970676664306291,0.7319652809597791
457,NC,000000001570035,NC770(CLOSED),MAYO RIVER,1965,5,2,36.471139,-79.950708,2600,P,0.6111111111111112,0.8599999999999999,0.3399999999999999,0.050333258181402,0.2699115044247787,0.4800498426023872,0.6666666666666667,0.0180904522613065,1.0,0.4970450942450332,0.7191648153664463
458,CA,57 0720L,INTERSTATE 805 SB,I-8 RMPS STS SDRIV RAILS,1972,6,5,32.771839,-117.131875,101000,F,0.3055555555555556,0.93,0.52,0.6282828282828282,0.2389380530973451,0.7032975637623183,0.4444444444444444,0.2726968174204355,0.2,0.496797796496382,0.7712212665873139
459,DE,1902 082,KOREAN WAR VET MEM,C&D CANAL  RD. 412,1995,5,14,39.55,-75.656111,90068,F,0.3888888888888889,0.6499999999999999,0.76,1.0,0.1371681415929203,0.4542636967950144,0.1111111111111111,0.2666666666666666,0.2,0.4967542949499045,0.7016646110377489
460,OR,06653A01W 06813,OR 99W (HWY 91),Luckiamute River,1954,2,4,44.780561,-123.229264,9582,F,0.4444444444444444,0.7899999999999999,0.42,0.1055067393532451,0.3185840707964602,0.7399082543109939,0.6666666666666667,0.0874371859296482,1.0,0.4967162101869967,0.7738635915492922
461,FL,034116,GOLDENROD AVE.,SMOKEHOUSE BAY,1972,5,1,25.947083,-81.723297,640,P,0.5833333333333334,0.8599999999999999,0.22,0.0256298183308999,0.2389380530973451,0.4906930387883262,0.6666666666666667,0.6,1.0,0.4966927576883237,0.845680689626304
462,NJ,3001178,BRIDGE STREET,D&R FEEDER CANAL,1926,1,4,40.405372,-74.977872,4821,P,0.6666666666666667,0.72,0.3600000000000001,0.0530077977139137,0.4424778761061947,0.4501913310418957,0.4444444444444444,0.0241206030150753,1.0,0.496662619525843,0.7080090200253886
463,WI,P20072000000000,LRD PROMEN DR,LAKESIDE CREEK,1927,1,11,43.797528,-88.443528,3900,P,0.5185185185185186,0.72,0.5,0.0330756448478607,0.4380530973451327,0.5310434736312758,0.6666666666666667,0.0090452261306532,1.0,0.4966324458519225,0.7685628739845559
464,WA,085593000000000,MUKILTEO BLVD,EDGEWATER CREEK,1946,2,3,47.953308,-122.272153,4883,P,0.5833333333333334,0.7899999999999999,0.6599999999999999,0.061614423738457,0.3539823008849557,0.7341614511069121,0.1111111111111111,0.0542713567839195,0.2,0.4965782743011173,0.5276661212818117
465,NM,000000000007721,13-E393,UNNAMED WATERWAY,1964,5,4,32.657192,-107.068978,337,P,0.5833333333333334,0.8599999999999999,0.4000000000000001,0.0271004991946624,0.2743362831858407,0.6428766839250312,0.6666666666666667,0.4793969849246231,0.2,0.4965678625434512,0.7008359135792794
466,OR,02061A01E 02203,Hwy 81 SB,Mollala River,1963,5,2,45.255592,-122.707269,11423,F,0.4166666666666667,0.8599999999999999,0.44,0.1130393318275425,0.2787610619469026,0.7367740279375485,0.6666666666666667,0.0241206030150753,1.0,0.4965634723219531,0.7597811235495082
467,RI,000000000008000,RI 138,WEST PASSAGE NARRA BAY,1992,6,21,41.530247,-71.415344,33100,F,0.3888888888888889,0.72,0.76,0.2968805506396135,0.0752212389380531,0.4288007636729788,0.6666666666666667,0.2773869346733668,1.0,0.4965151576142884,0.8758543960604142
468,CA,50 0321R,INTERSTATE 5 NB,CALIFORNIA AQUEDUCT,1967,2,4,34.971583,-118.940722,24375,F,0.3888888888888889,0.7899999999999999,0.38,0.3400561136324628,0.2610619469026549,0.7141584646769393,0.1111111111111111,0.7333333333333333,1.0,0.4964720969656501,0.7761299424572767
469,OR,02374 01E 01229,OR 99E (Hwy 81),Willamette River,1940,2,4,45.359186,-122.607531,19211,F,0.4166666666666667,0.7899999999999999,0.4800000000000001,0.1669676381871353,0.3805309734513274,0.736175168810479,0.4444444444444444,0.0241206030150753,1.0,0.4964622970845368,0.725086806060226
470,OR,11742 010 00620,WILLAMINA CR RD,COAST CREEK,1962,5,1,45.154,-123.498039,1612,F,0.4166666666666667,0.8599999999999999,0.24,0.1146813675472167,0.2831858407079646,0.7415220661167063,0.6666666666666667,0.6,1.0,0.4964389274371888,0.873195764850535
471,TN,79SR0010015,FAP 1,WOLF RIVER,1926,1,4,35.158867,-89.882217,36466,F,0.4722222222222222,0.72,0.52,0.3456293966257104,0.2123893805309734,0.5396818265024447,0.6,0.0482412060301507,1.0,0.4962376762229759,0.7461013167701718
472,MI,000000000004199,CHICAGON MINE RD,CHICAGON CREEK,1900,1,0,46.095097,-88.508719,142,P,0.5277777777777778,0.72,0.42,0.0012042927098451,0.5575221238938053,0.5314349014256249,0.6666666666666667,0.0180904522613065,1.0,0.4961984321937707,0.8084712821492825
473,FL,060034,CR-664,LITTLE PAYNE CREEK,1915,1,11,27.636761,-81.849469,600,P,0.5555555555555556,0.6,0.54,0.0454926011498651,0.4911504424778761,0.4914506161788957,0.6666666666666667,0.0030150753768844,1.0,0.4961823419717301,0.8589968157936252
474,LA,046000010407021,US0080,BAYOU DORCHEAT,1954,1,4,32.597492,-93.331797,9109,P,0.5277777777777778,0.72,0.4800000000000001,0.1176568734602361,0.3185840707964602,0.5603942176428001,0.6666666666666667,0.0241206030150753,1.0,0.4961473241184811,0.730187839569133
475,TN,79I00400083,I40-RL,I-40 E.B. / WOLF RIVER,1976,6,2,35.190025,-89.941492,101149,F,0.3333333333333333,0.93,0.44,0.6323232323232323,0.2212389380530973,0.5400377327243164,0.2222222222222222,0.1363484087102177,1.0,0.4961218551900199,0.78670459196762
476,OR,00901C009 29575,US101(HWY009),SIXES RIVER,1971,6,2,42.816983,-124.482461,4463,F,0.3333333333333333,0.93,0.32,0.1024968756608242,0.243362831858407,0.7474328533752047,0.6666666666666667,0.6495812395309882,1.0,0.4959749847326596,0.8738698092525519
477,WA,000000JQ0000000,SR 302,HENDERSON BAY,1936,2,5,47.384258,-122.627436,23753,P,0.4444444444444444,0.7899999999999999,0.42,0.2176092551542406,0.2654867256637168,0.7362946848517503,0.4444444444444444,0.1839195979899497,1.0,0.4959683797998016,0.7204854806042799
478,OR,09737 064 00410,Hwy 064 (I-205 NB),Tualatin River,1970,6,2,45.370575,-122.748158,40491,F,0.3055555555555556,0.93,0.36,0.3757247542552139,0.247787610619469,0.7370195386841722,0.6,0.1996649916247906,1.0,0.4959253288260138,0.8041401328557458
479,MN,90608,M 56,ST ALBANS BAY,1941,1,3,44.905675,-93.558939,4400,P,0.5555555555555556,0.72,0.62,0.0615585363784722,0.3761061946902654,0.5617580514858773,0.1111111111111111,0.0090452261306532,1.0,0.4958389840064385,0.6624168660679515
480,NJ,03B4610,CR 537,NORTH BR PENNSAUKEN CK,1912,1,11,39.956928,-74.986689,11669,P,0.5925925925925926,0.6,0.5,0.1151256417333307,0.4247787610619469,0.4502442711542236,0.6666666666666667,0.0060301507537688,1.0,0.49579785641412,0.845361082231463
481,TX,022200001401325,BU 287P(N MAIN ST),TRINITY RIVER,1914,1,11,32.759494,-97.334567,11393,F,0.3611111111111111,0.72,0.6799999999999999,0.1370273280326756,0.495575221238938,0.5844281399999799,0.4444444444444444,0.0301507537688442,1.0,0.4957106066156015,0.7261806049869792
482,TN,86I00260033,I26 RT LN,NOLICHUCKY RIVER,1977,5,2,36.127347,-82.443467,12654,P,0.6388888888888888,0.8599999999999999,0.4,0.1315601703718676,0.2168141592920354,0.4950171717922135,0.1111111111111111,0.1393634840871021,1.0,0.4955851021277445,0.6127239428347627
483,LA,613902190603121,LA0010,BAYOU MORRIS,1923,1,7,30.674942,-91.690578,15,P,0.6388888888888888,0.72,0.5,0.0566928705843021,0.4557522123893805,0.5505398093162841,0.6,0.1296482412060301,0.2,0.4955031235115205,0.6288031866183756
484,CA,10C0032,PHILO GREENWOOD RD,NAVARRO RIVER,1949,1,11,39.085764,-123.484608,418,P,0.5,0.72,0.6799999999999999,0.0237470508549447,0.331858407079646,0.7414414220599207,0.6,0.2140703517587939,0.2,0.4954082055873908,0.665691467895865
485,FL,460113,US98 SR30,St. Andrews Bay,2003,6,21,30.188164,-85.742197,34066,F,0.3055555555555556,0.93,0.76,0.3131539415211993,0.1017699115044247,0.5148238108689779,0.4444444444444444,0.0060301507537688,1.0,0.4953873850382597,0.749416638720837
486,LA,046000870211241,LA0159,CYPRESS CR RELIEF,1966,1,1,33.015361,-93.317889,866,P,0.6666666666666667,0.72,0.28,0.0841121661108171,0.2654867256637168,0.5603107095241363,0.6666666666666667,0.0874371859296482,1.0,0.4953628194263493,0.6983852384428848
487,IL,008430100000000,FREMONT ROAD,ELKHORN CREEK,1966,5,5,42.009806,-89.734297,50,P,0.8055555555555556,0.8599999999999999,0.3400000000000001,0.0004240467288187,0.2654867256637168,0.5387936671040595,0.4444444444444444,0.0241206030150753,0.2,0.4952875852115243,0.353579740958649
488,TX,142270AA1558006,LITTIG RD,BRANCH OF ELM CREEK,1934,1,19,30.319192,-97.439133,712,F,1.0,0.72,0.14,0.0060384254183786,0.4070796460176991,0.5850559879965425,0.1111111111111111,0.0180904522613065,0.2,0.4952774841118829,0.3443099869489939
489,UT,035107F,650 NORTH STREET,JORDAN RIVER,1965,5,4,40.784264,-111.936228,19158,P,0.5,0.8599999999999999,0.38,0.1705585526949915,0.2699115044247787,0.6721012230799123,0.4444444444444444,0.0150753768844221,1.0,0.4952331190864115,0.6472573922493666
490,TX,150150001710337,IH 35 SB UP LEVEL,HOUSTON ST TO EL PASO ST,1989,6,21,29.418308,-98.502206,169296,F,0.3333333333333333,0.93,0.76,0.6363636363636364,0.163716814159292,0.5914390212315308,0.05,0.1333333333333333,0.2,0.4951519471754459,0.659391626569372
491,MI,000000000002976,OLD COUNTY ROAD,BLACK RIVER,1922,1,3,46.473961,-90.001636,391,P,0.6111111111111112,0.72,0.62,0.0033160454193624,0.4601769911504424,0.5403988567025241,0.6,0.0180904522613065,0.2,0.4950714897180761,0.6180107537356019
492,MI,000000000008521,LAKESHORE DRIVE,FIRESTEEL RIVER,1976,5,5,46.933358,-89.195028,120,P,0.5,0.8599999999999999,0.38,0.0050581161895689,0.2212389380530973,0.5355557220620926,0.5555555555555556,0.6,1.0,0.4949630554082536,0.7928058739437672
493,CA,55 0413F,S405-N605 CONN,RTE 405  605  CONN  RIV,1966,2,5,33.785217,-118.092267,22800,F,0.3333333333333333,0.7899999999999999,0.52,0.2054865204625516,0.2654867256637168,0.7090640671488374,0.6666666666666667,0.2757118927973199,1.0,0.4949559926340432,0.8140033551955332
494,AL,000058,OLD 3RD AVE SE,L*N RAIL ROAD,1912,2,3,34.1844,-86.847489,1128,P,0.6666666666666667,0.7899999999999999,0.62,0.0136068982425545,0.504424778761062,0.5214603405996424,0.05,0.0060301507537688,0.2,0.494917375964681,0.6349015938145199
495,HI,003000H30200842,H3-KANEOHE IC OB,LIKELIKE HWY,1996,5,21,21.394881,-157.813111,37200,G,0.25,0.8599999999999999,0.76,0.315490766241133,0.1327433628318584,0.9475608283061492,0.6,0.1966499162479061,0.2,0.4949119915503094,0.7526117809981248
496,PA,000000000027174,OLD WELSH ROAD,PENNYPACK CREEK,1968,5,5,40.121378,-75.072411,32800,P,0.5,0.8599999999999999,0.38,0.286255462185893,0.2566371681415929,0.4507589736957892,0.6666666666666667,0.0241206030150753,1.0,0.4949045238864146,0.767054420350212
497,CA,53 1185,INTERSTATE 405,SAN GABRIEL RIVER,1964,2,5,33.786792,-118.094167,255000,F,0.25,0.7899999999999999,0.42,0.6202020202020202,0.2743362831858407,0.7090754753617695,0.6666666666666667,0.1423785594639866,1.0,0.4948136391814957,0.8487978121023697
498,OR,06520 022 00317,KNIGHTS BRIDGE RD,MOLALLA RIVER,1964,5,2,45.2673,-122.710289,20000,F,0.4444444444444444,0.8599999999999999,0.36,0.189820711729511,0.2743362831858407,0.7367921609917882,0.6,0.0120603015075376,1.0,0.494809041777202,0.7039791311500923
499,MN,L0693,M 6,STREAM,1920,1,3,44.392906,-92.620567,11,P,0.5,0.72,0.58,0.0243357145227643,0.4690265486725664,0.55612376328292,0.6,0.5969849246231156,0.2,0.4947978488789809,0.7737320124121596
500,OR,12126A53302 866,ELK CITY ROAD,BIG ELK CREEK,1958,2,4,44.621428,-123.873914,200,P,0.4722222222222222,0.7899999999999999,0.42,0.0421002273193153,0.3008849557522124,0.7437789408724391,0.6666666666666667,0.0633165829145728,1.0,0.4947311304290142,0.7477068880475846
